,Mean,MCSE,StdDev,MAD,5%,50%,95%,ESS_bulk,ESS_tail,R_hat
lp__,-2791.03,0.142573,4.63291,4.47004,-2799.36,-2790.68,-2783.92,1068.79,1737.98,1.00395
alpha,-8.32868,0.0120895,0.410157,0.366758,-8.9921,-8.33374,-7.67885,1154.77,1576.7,1.00405
alpha_cell_raw[1],-1.45934,0.0140144,0.541575,0.547591,-2.38949,-1.44526,-0.597572,1493.3,1960.45,1.00166
alpha_cell_raw[2],-0.0598594,0.0110162,0.411895,0.416444,-0.732198,-0.0544157,0.582091,1390.4,1931.56,1.00266
alpha_cell_raw[3],1.75466,0.0148005,0.585895,0.58327,0.828667,1.72679,2.75252,1545.41,1782.52,1.00196
alpha_cell_raw[4],-0.963804,0.0123841,0.455998,0.458219,-1.71415,-0.953665,-0.22504,1358.57,1863.6,1.00276
alpha_cell_raw[5],0.406411,0.0113777,0.422573,0.420496,-0.279258,0.407161,1.09986,1387.42,2006.3,1.00257
alpha_cell_raw[6],-0.142933,0.0114076,0.419027,0.420843,-0.825375,-0.14916,0.562206,1353.66,2057.57,1.0047
alpha_cell_raw[7],0.128768,0.0111166,0.415094,0.403679,-0.548834,0.12315,0.814163,1396.76,2107.27,1.00252
alpha_cell_raw[8],0.257589,0.0114826,0.480273,0.464714,-0.518864,0.2535,1.06521,1732.65,2362.2,1.00139
sigma_cell,1.06568,0.00863246,0.339859,0.292873,0.637577,1.00398,1.6973,1538.97,2069.75,1.00155
beta_inequity_cell_raw[1],0.109414,0.00976695,0.451499,0.446658,-0.613152,0.107087,0.865405,2150.16,2604.78,1.00007
beta_inequity_cell_raw[2],-0.486287,0.010231,0.495936,0.485631,-1.32343,-0.47123,0.323158,2346.27,2796.58,1.00088
beta_inequity_cell_raw[3],2.0473,0.0136817,0.641646,0.634649,1.05365,2.00139,3.15721,2215.79,2465.35,1.0005
beta_inequity_cell_raw[4],0.227235,0.0100662,0.504636,0.497435,-0.590583,0.221554,1.08071,2547.01,3019.75,1.00083
beta_inequity_cell_raw[5],-0.768705,0.010893,0.594846,0.584403,-1.78159,-0.763468,0.205861,2999.34,2267.03,1.00172
beta_inequity_cell_raw[6],-0.425405,0.0105114,0.504669,0.489329,-1.26836,-0.424436,0.39527,2320.23,3000.35,1.00048
beta_inequity_cell_raw[7],-0.812405,0.011463,0.501039,0.490077,-1.65706,-0.780434,-0.0185589,1882.61,2337.37,1.00071
beta_inequity_cell_raw[8],0.222354,0.0110796,0.546321,0.527883,-0.662577,0.218937,1.12954,2464.36,2629.03,1.00066
mu_beta_inequity,0.204008,0.00592905,0.241816,0.222094,-0.196839,0.209387,0.581246,1685.07,1800.1,1.00073
sigma_beta_inequity,0.636064,0.00446527,0.195869,0.166228,0.387563,0.60152,0.994653,1866.27,2417.21,1.00048
beta[1],0.64617,0.00232862,0.130928,0.12972,0.430405,0.646918,0.86528,3196.1,2830.22,1.00088
beta[2],0.0854581,0.000516036,0.0294042,0.0289338,0.0345588,0.0866094,0.131889,3274.01,3025.84,1.00049
beta[3],-0.00784009,0.00101134,0.0549373,0.0541005,-0.0976613,-0.00797099,0.0828793,3044.87,2828.74,1.00251
beta[4],-0.0102509,0.0013456,0.0736893,0.0706165,-0.131579,-0.0100429,0.114755,3078.04,2842.26,1.00065
beta[5],0.104994,0.000635368,0.0355813,0.0359612,0.0456359,0.10553,0.163122,3157.69,2936.0,1.00063
beta[6],-0.140668,0.000524158,0.0321242,0.032317,-0.193894,-0.140304,-0.0893373,3770.52,3084.65,1.00007
beta[7],0.0426804,0.000554653,0.0318797,0.032418,-0.0102831,0.0434482,0.09446,3359.76,2811.25,1.00021
phi,4.81756,0.00513597,0.330071,0.334838,4.28799,4.8089,5.36748,4106.45,2713.67,1.00051
alpha_cell[1],-1.45033,0.0127346,0.478961,0.434446,-2.27143,-1.43268,-0.718853,1432.88,1797.22,1.00301
alpha_cell[2],-0.0489402,0.0123427,0.442629,0.417643,-0.746226,-0.0565555,0.679821,1293.2,1672.85,1.003
alpha_cell[3],1.73812,0.012464,0.460212,0.435758,1.03637,1.71944,2.51903,1363.64,1948.62,1.00291
alpha_cell[4],-0.956182,0.012369,0.442474,0.39947,-1.70216,-0.942108,-0.266387,1302.56,1707.56,1.00371
alpha_cell[5],0.410286,0.012609,0.451122,0.422648,-0.305708,0.401477,1.12711,1284.05,1960.23,1.00304
alpha_cell[6],-0.149293,0.0128324,0.455556,0.429301,-0.899561,-0.142132,0.571422,1279.27,1741.2,1.00469
alpha_cell[7],0.138326,0.0123984,0.448394,0.416416,-0.569514,0.121109,0.866649,1317.91,1652.61,1.00254
alpha_cell[8],0.26275,0.0125139,0.504873,0.466798,-0.535536,0.251989,1.10289,1625.94,2132.55,1.00176
beta_inequity_cell[1],0.273751,0.00236973,0.16944,0.171654,-0.00884179,0.270704,0.556751,5208.86,3477.1,0.999713
beta_inequity_cell[2],-0.0859399,0.00291245,0.223079,0.214678,-0.464472,-0.0841713,0.28109,5831.45,3071.74,1.00018
beta_inequity_cell[3],1.4188,0.00244595,0.152223,0.150988,1.16631,1.42234,1.66803,3970.7,2707.72,1.00119
beta_inequity_cell[4],0.343488,0.00281275,0.224054,0.226128,-0.013654,0.340772,0.710403,6349.85,3451.89,1.00173
beta_inequity_cell[5],-0.260171,0.00463361,0.311506,0.299567,-0.779999,-0.256589,0.242118,4571.48,2923.57,1.00243
beta_inequity_cell[6],-0.0471281,0.00298051,0.219375,0.216274,-0.408251,-0.0485981,0.31557,5411.4,3197.48,1.00061
beta_inequity_cell[7],-0.274402,0.00241171,0.172781,0.172158,-0.551883,-0.277558,0.0160544,5269.53,3249.7,0.999667
beta_inequity_cell[8],0.342366,0.00431877,0.273131,0.268696,-0.103846,0.338809,0.789858,4052.77,2824.01,1.00024
log_lik[1],-3.2628,0.00220286,0.137702,0.135406,-3.51024,-3.24595,-3.06761,3973.92,3622.03,0.999683
log_lik[2],-4.81916,0.00164233,0.0977801,0.0718839,-5.00939,-4.7929,-4.70956,3807.98,3131.45,1.00141
log_lik[3],-3.56869,0.00120898,0.0639979,0.0464573,-3.68806,-3.55558,-3.49481,3033.88,3310.92,1.00219
log_lik[4],-4.0519,0.00222781,0.149361,0.135154,-4.3422,-4.01871,-3.87491,4558.43,3423.05,0.999599
log_lik[5],-6.26236,0.000941979,0.0540736,0.0460421,-6.35864,-6.25502,-6.18864,3488.26,3181.02,1.00146
log_lik[6],-3.96411,0.00290163,0.186292,0.177905,-4.30597,-3.93753,-3.71164,4360.11,3812.35,1.00046
log_lik[7],-6.21562,0.00778262,0.464337,0.468042,-7.01925,-6.18924,-5.51128,3771.35,3179.75,1.0005
log_lik[8],-4.38624,0.000845389,0.0482283,0.0419502,-4.47132,-4.38068,-4.32126,3479.77,3577.05,1.00009
log_lik[9],-5.8576,0.00119056,0.0743608,0.0522394,-5.9987,-5.84169,-5.77124,4132.98,3635.28,1.00031
log_lik[10],-2.76812,0.00469436,0.288295,0.282628,-3.2839,-2.74839,-2.3331,3698.21,3356.25,0.999615
log_lik[11],-6.84349,0.00424125,0.286651,0.281776,-7.35343,-6.81612,-6.41614,4687.44,3623.68,0.999711
log_lik[12],-5.4221,0.00325242,0.21453,0.209395,-5.80888,-5.39981,-5.10973,4497.52,3684.7,0.999927
log_lik[13],-3.16467,0.00337235,0.211435,0.206934,-3.5427,-3.14622,-2.84751,3881.56,3406.24,0.999916
log_lik[14],-6.0157,0.00345626,0.221605,0.214725,-6.43545,-5.97484,-5.7321,4434.77,3546.53,0.999871
log_lik[15],-2.51676,0.00354629,0.222699,0.21468,-2.92708,-2.48482,-2.21079,3867.89,3094.78,0.999661
log_lik[16],-7.06773,0.00151209,0.0937114,0.0713724,-7.25663,-7.04612,-6.96116,4107.06,3410.85,1.00108
log_lik[17],-3.08023,0.000754346,0.0430549,0.0355527,-3.15849,-3.07357,-3.02444,3441.95,3135.91,1.00059
log_lik[18],-4.68062,0.00341869,0.232893,0.181967,-5.14069,-4.617,-4.44135,5031.13,3619.16,1.00009
log_lik[19],-3.7543,0.0032681,0.22255,0.222479,-4.13909,-3.73737,-3.42777,4594.42,3411.16,1.00057
log_lik[20],-4.1548,0.000861882,0.0491972,0.0419576,-4.24203,-4.14878,-4.08854,3416.17,3277.66,1.00073
log_lik[21],-4.62727,0.00360783,0.223018,0.20918,-5.04021,-4.59288,-4.32972,4126.98,3477.32,1.00068
log_lik[22],-6.70992,0.00146705,0.0860673,0.0735666,-6.87653,-6.69268,-6.60153,3683.69,3470.49,1.00022
log_lik[23],-3.89838,0.00157892,0.0958735,0.066932,-4.09081,-3.87171,-3.79292,4049.06,3688.57,1.00019
log_lik[24],-3.09441,0.000884573,0.0551127,0.0436552,-3.19856,-3.08379,-3.02751,4166.72,3602.46,1.0
log_lik[25],-5.78263,0.00578443,0.37113,0.357566,-6.43876,-5.74769,-5.24717,4227.24,3725.1,1.00032
log_lik[26],-4.44509,0.000837034,0.0490617,0.042306,-4.53122,-4.43941,-4.37811,3740.75,3297.44,1.00089
log_lik[27],-3.75057,0.00742861,0.51452,0.499696,-4.7105,-3.66968,-3.0443,5056.98,3362.77,0.999783
log_lik[28],-5.47086,0.00289168,0.17328,0.170484,-5.79011,-5.44956,-5.2247,3827.26,3123.55,1.00035
log_lik[29],-4.35938,0.00413644,0.258521,0.157593,-4.87465,-4.27294,-4.13016,4323.33,3322.95,0.999782
log_lik[30],-4.4719,0.00175483,0.11361,0.0917729,-4.69078,-4.44418,-4.34125,4340.37,3423.15,1.00056
log_lik[31],-4.50971,0.00109951,0.0611271,0.047206,-4.62154,-4.49887,-4.43455,3281.59,3273.86,1.002
log_lik[32],-4.06814,0.0010434,0.0606562,0.0463164,-4.18419,-4.05727,-3.9937,3505.86,3324.07,1.00167
log_lik[33],-5.09556,0.00127681,0.076737,0.0658645,-5.24027,-5.07958,-4.99986,3826.15,3301.94,0.999973
log_lik[34],-3.43248,0.00150492,0.0935292,0.0763761,-3.61706,-3.41078,-3.32236,3939.06,3044.2,1.00068
log_lik[35],-7.74969,0.00138161,0.0865621,0.0686073,-7.92082,-7.73212,-7.64642,4186.05,3718.8,1.0003
log_lik[36],-4.78924,0.00122286,0.0784908,0.0668208,-4.94259,-4.7725,-4.69299,4312.65,3611.7,0.999332
log_lik[37],-2.42455,0.000985502,0.0639563,0.0501341,-2.54848,-2.40916,-2.34952,4430.4,3629.49,1.00085
log_lik[38],-3.70578,0.00112757,0.0690181,0.0512535,-3.84286,-3.6913,-3.62502,3984.36,3619.07,1.00027
log_lik[39],-3.9462,0.00275587,0.179445,0.157756,-4.29231,-3.90376,-3.73999,4507.38,3841.41,1.0
log_lik[40],-8.03321,0.00349307,0.231901,0.230878,-8.4505,-8.00679,-7.69269,4513.97,3732.46,1.00093
log_lik[41],-6.18895,0.00410618,0.274761,0.275111,-6.67606,-6.16528,-5.76946,4523.46,3767.91,1.00002
log_lik[42],-5.59793,0.00220143,0.144714,0.13396,-5.88052,-5.57044,-5.41893,4568.51,3646.81,1.00128
log_lik[43],-8.79471,0.009023,0.549144,0.544781,-9.7295,-8.76745,-7.92939,3715.69,3554.2,1.00019
log_lik[44],-3.01117,0.0015939,0.109891,0.10247,-3.21732,-2.9886,-2.87702,4874.52,3596.21,1.00072
log_lik[45],-4.38692,0.00372596,0.249593,0.230344,-4.87552,-4.34075,-4.07661,4880.13,3699.08,1.0003
log_lik[46],-7.534,0.000974673,0.0518425,0.0470503,-7.62882,-7.52796,-7.46287,3508.2,3188.81,0.999863
log_lik[47],-3.72635,0.00099165,0.0609118,0.0469836,-3.83868,-3.71443,-3.65147,4016.05,3545.47,0.99968
log_lik[48],-5.30929,0.00373101,0.187614,0.0940043,-5.69593,-5.24522,-5.14705,2780.55,3088.61,0.999988
log_lik[49],-2.45836,0.00168211,0.106273,0.0751975,-2.67568,-2.42591,-2.35081,4456.44,3584.53,1.0
log_lik[50],-5.18511,0.00139202,0.0834174,0.0652492,-5.34908,-5.16657,-5.08635,4067.2,3482.32,1.00005
log_lik[51],-6.34143,0.00169667,0.101646,0.0959761,-6.53492,-6.32484,-6.20553,4030.73,2902.64,1.00074
log_lik[52],-6.08165,0.00631133,0.331219,0.155873,-6.74228,-5.96023,-5.8235,2868.55,3284.57,0.999596
log_lik[53],-3.93408,0.0027531,0.182222,0.169802,-4.29807,-3.90148,-3.70139,4621.05,3750.39,1.00079
log_lik[54],-3.1986,0.00117443,0.0607363,0.0423801,-3.31752,-3.18647,-3.12872,3049.78,3074.14,1.00069
log_lik[55],-3.67928,0.000793706,0.0430603,0.0380732,-3.75678,-3.67491,-3.61811,3211.16,2849.39,1.00045
log_lik[56],-6.24687,0.00262269,0.173611,0.166511,-6.56857,-6.21756,-6.01897,4485.69,3572.36,1.00117
log_lik[57],-1.90705,0.00184294,0.110142,0.102136,-2.11663,-1.88854,-1.76654,3773.7,3011.51,1.00012
log_lik[58],-3.59955,0.00121452,0.0606859,0.0440925,-3.71705,-3.58752,-3.52836,2846.74,2894.66,1.00082
log_lik[59],-5.63782,0.00787689,0.529788,0.538806,-6.57003,-5.59909,-4.83663,4597.87,3758.29,1.00101
log_lik[60],-3.69446,0.000911988,0.0554025,0.0460273,-3.80004,-3.68532,-3.6241,3913.57,3377.55,1.00011
log_lik[61],-4.96097,0.00296987,0.175959,0.166148,-5.29558,-4.93115,-4.73008,3920.25,3200.42,1.00034
log_lik[62],-2.82308,0.00238342,0.165877,0.159646,-3.12746,-2.79744,-2.60543,4935.49,3575.46,0.999824
log_lik[63],-2.13045,0.00237746,0.155009,0.154791,-2.39963,-2.12034,-1.89135,4315.89,3540.77,1.00087
log_lik[64],-2.5818,0.00274858,0.15067,0.0788891,-2.88479,-2.52689,-2.4534,3499.26,3174.0,1.00031
log_lik[65],-5.09277,0.00944034,0.562587,0.422089,-6.16157,-4.92247,-4.56166,4175.6,3155.3,0.999999
log_lik[66],-5.34092,0.00426012,0.259632,0.19388,-5.86018,-5.26351,-5.08032,4034.85,3468.12,1.00066
log_lik[67],-4.77397,0.00553007,0.299676,0.168809,-5.38945,-4.66845,-4.51793,3505.54,3372.91,1.00036
log_lik[68],-2.0472,0.00414441,0.263289,0.259314,-2.50946,-2.02377,-1.66084,4123.95,2948.29,1.00104
log_lik[69],-3.2943,0.00200686,0.1176,0.0697341,-3.5186,-3.25931,-3.18341,3710.56,3412.97,1.00028
log_lik[70],-1.68407,0.00413727,0.26652,0.249485,-2.17034,-1.64958,-1.32186,4177.58,3458.82,1.00062
log_lik[71],-2.01703,0.00414778,0.258595,0.20895,-2.52675,-1.94759,-1.75165,4370.62,3287.15,1.00044
log_lik[72],-4.02631,0.00880779,0.555069,0.49765,-5.06905,-3.90051,-3.38364,4026.33,3190.42,1.00105
log_lik[73],-2.78233,0.00353897,0.18318,0.0894527,-3.14792,-2.71767,-2.63469,3120.69,3041.52,1.00077
log_lik[74],-6.6152,0.00601955,0.408011,0.394216,-7.36054,-6.5743,-6.01605,4666.46,3713.25,1.00114
log_lik[75],-2.99308,0.000920229,0.0553379,0.049289,-3.09573,-2.98341,-2.91981,3779.43,3477.34,1.00155
log_lik[76],-3.07278,0.000595126,0.0350097,0.0323948,-3.133,-3.06975,-3.02209,3612.24,3269.76,1.00144
log_lik[77],-4.18506,0.00221508,0.138989,0.130654,-4.4423,-4.16599,-3.99558,3970.36,3839.99,1.00062
log_lik[78],-5.00426,0.00235327,0.149306,0.137378,-5.28198,-4.98049,-4.80372,4302.63,3503.12,1.00226
log_lik[79],-4.89577,0.00402864,0.272468,0.2648,-5.3916,-4.85708,-4.52404,5001.2,3637.31,1.00171
log_lik[80],-3.14046,0.000920638,0.0511671,0.0395113,-3.23573,-3.1313,-3.07739,3334.67,3220.45,1.00056
log_lik[81],-3.61949,0.00119977,0.0764875,0.0702752,-3.76138,-3.60757,-3.51831,4098.55,4108.95,1.00063
log_lik[82],-3.01585,0.000597568,0.0348012,0.0317499,-3.07499,-3.01268,-2.96655,3541.76,3390.51,0.999939
log_lik[83],-3.08087,0.000816225,0.0443013,0.0366499,-3.15859,-3.07392,-3.02288,3060.67,2811.64,1.00019
log_lik[84],-1.87738,0.0013466,0.0842176,0.0781775,-2.03417,-1.86174,-1.76761,4107.17,3712.02,1.00036
log_lik[85],-3.2978,0.00130188,0.0819046,0.0720025,-3.45362,-3.28126,-3.19656,4138.46,3612.76,1.00178
log_lik[86],-4.08073,0.000952775,0.0521134,0.0430918,-4.17661,-4.07396,-4.01077,3114.32,3145.54,1.00015
log_lik[87],-1.89046,0.00310745,0.205458,0.197379,-2.25875,-1.86136,-1.60639,4558.54,3608.82,1.00039
log_lik[88],-3.07486,0.00106784,0.0665176,0.0599415,-3.20083,-3.06241,-2.98847,3945.46,3754.81,1.00144
log_lik[89],-2.28524,0.00122865,0.0625925,0.037999,-2.40081,-2.26877,-2.22291,2757.1,3236.87,0.999689
log_lik[90],-4.43866,0.00251558,0.157448,0.15465,-4.72462,-4.41924,-4.21783,3862.55,3510.95,1.0017
log_lik[91],-3.25137,0.000828249,0.050806,0.045249,-3.34874,-3.24411,-3.18362,3967.84,3585.16,1.00129
log_lik[92],-3.79273,0.0036283,0.225525,0.220092,-4.1888,-3.77918,-3.44815,3889.65,3687.11,1.00099
log_lik[93],-2.37243,0.00222458,0.139116,0.138371,-2.60691,-2.36149,-2.15981,4057.64,3455.14,1.00172
log_lik[94],-4.00838,0.00107762,0.0643089,0.0501638,-4.12862,-3.99606,-3.93139,3735.38,3378.9,1.00039
log_lik[95],-2.76212,0.00187005,0.122473,0.0881183,-2.99409,-2.7259,-2.63867,4753.46,3457.27,1.00007
log_lik[96],-4.24637,0.00525951,0.332351,0.29784,-4.88372,-4.16859,-3.86374,4870.28,3594.01,1.00317
log_lik[97],-3.83964,0.00392666,0.219521,0.217075,-4.23643,-3.82017,-3.5161,3321.3,3323.09,1.00093
log_lik[98],-5.04252,0.00646976,0.41351,0.410458,-5.75288,-5.0327,-4.37423,4158.68,3471.84,1.0007
log_lik[99],-4.2993,0.0024579,0.153916,0.147341,-4.58067,-4.27957,-4.09117,3998.74,3713.67,1.0017
log_lik[100],-3.08878,0.000893718,0.051334,0.0409494,-3.1826,-3.07936,-3.02507,3543.85,3314.39,1.00101
log_lik[101],-3.65988,0.00179268,0.111547,0.0984002,-3.86961,-3.63783,-3.52514,4126.35,3579.17,1.00068
log_lik[102],-2.01723,0.00195147,0.127512,0.125532,-2.2451,-2.00179,-1.84067,4760.33,3469.87,1.00084
log_lik[103],-3.54115,0.00101918,0.0620155,0.0506975,-3.65864,-3.52958,-3.46591,4038.55,3270.36,1.00025
log_lik[104],-2.88791,0.00106679,0.0683267,0.0620468,-3.01649,-2.87554,-2.79869,4178.07,3691.19,1.0012
log_lik[105],-3.4417,0.00263823,0.177039,0.164205,-3.77715,-3.4078,-3.22514,4664.12,3651.94,1.00021
log_lik[106],-3.42178,0.000987649,0.0584217,0.0459309,-3.53268,-3.41071,-3.35063,3689.21,3420.71,1.00061
log_lik[107],-2.76201,0.00079244,0.0469795,0.0369909,-2.8484,-2.75347,-2.70578,3756.46,3289.44,1.00068
log_lik[108],-4.08002,0.00121609,0.0707618,0.0542335,-4.21343,-4.06622,-3.99627,3400.61,3435.49,1.0
log_lik[109],-1.86062,0.0009229,0.0574489,0.0548265,-1.96325,-1.85338,-1.78065,3999.3,3402.42,1.00171
log_lik[110],-3.28072,0.000744006,0.0440658,0.0381325,-3.35921,-3.27515,-3.22143,3550.06,3587.5,0.999934
log_lik[111],-2.75737,0.000767956,0.0419725,0.0333437,-2.83151,-2.75087,-2.70403,3271.69,3467.11,1.0015
log_lik[112],-3.29399,0.00180086,0.119761,0.106421,-3.52092,-3.26536,-3.15494,4609.03,3744.64,0.999644
log_lik[113],-5.06671,0.00133812,0.0833071,0.0734184,-5.22346,-5.05167,-4.95907,4114.19,3674.37,1.00059
log_lik[114],-3.56201,0.0008473,0.049249,0.0425654,-3.65032,-3.55524,-3.49571,3415.93,3631.51,1.00023
log_lik[115],-3.27884,0.000731288,0.0428412,0.0367685,-3.35792,-3.27358,-3.22063,3472.91,3392.41,0.999944
log_lik[116],-2.06239,0.00225279,0.150922,0.14886,-2.33598,-2.04307,-1.85159,4748.05,3640.49,1.00122
log_lik[117],-2.9494,0.00264339,0.155371,0.149335,-3.22647,-2.93226,-2.7228,3486.99,3549.66,1.00041
log_lik[118],-3.22221,0.00141505,0.0823436,0.0559459,-3.38242,-3.20019,-3.13506,3519.28,3440.76,1.00032
log_lik[119],-3.4574,0.00158873,0.101692,0.096154,-3.64741,-3.4428,-3.32,4091.21,3961.89,1.00064
log_lik[120],-5.21636,0.00152264,0.102372,0.0983409,-5.40058,-5.20275,-5.07736,4805.39,3865.13,1.00063
log_lik[121],-6.31879,0.00198361,0.126597,0.122255,-6.54246,-6.30533,-6.13685,4148.27,3314.82,1.00295
log_lik[122],-7.02395,0.00367323,0.252419,0.244496,-7.47039,-7.00715,-6.6457,4691.64,3658.55,1.00139
log_lik[123],-5.58401,0.00125874,0.0823916,0.0794377,-5.73058,-5.57482,-5.46775,4378.54,3661.11,1.00137
log_lik[124],-5.30192,0.00375926,0.212532,0.202664,-5.70637,-5.26597,-5.02856,3297.69,3387.76,0.999886
log_lik[125],-6.37197,0.00320321,0.237708,0.233613,-6.7923,-6.35441,-6.01911,5571.28,3498.99,1.00138
log_lik[126],-6.54861,0.00327019,0.208876,0.209262,-6.91987,-6.53463,-6.23246,4060.48,3452.39,1.00097
log_lik[127],-5.92877,0.000957857,0.0593397,0.0564352,-6.03603,-5.92286,-5.84216,3990.19,3555.16,1.00081
log_lik[128],-6.10998,0.000906699,0.0549083,0.0468279,-6.21333,-6.10244,-6.03565,3709.52,3459.24,1.00003
log_lik[129],-5.08562,0.00079729,0.0475536,0.0436626,-5.1695,-5.08061,-5.01761,3605.94,3405.79,1.00056
log_lik[130],-5.72632,0.000685107,0.0397073,0.0397189,-5.79331,-5.72445,-5.66474,3447.24,2914.76,1.00013
log_lik[131],-6.16192,0.00406998,0.262395,0.261071,-6.6224,-6.14847,-5.76285,4178.24,3471.46,1.00107
log_lik[132],-6.10919,0.00159176,0.107394,0.0975625,-6.31384,-6.08965,-5.97317,4485.38,3406.93,1.00052
log_lik[133],-6.15587,0.00296146,0.195222,0.189884,-6.51109,-6.13614,-5.87379,4403.62,3851.49,1.00008
log_lik[134],-4.98316,0.00315926,0.177515,0.0996826,-5.35911,-4.92121,-4.82119,3519.63,3247.68,1.00008
log_lik[135],-5.80186,0.00353561,0.242089,0.230833,-6.23654,-5.76916,-5.46456,4692.77,3647.82,1.00092
log_lik[136],-6.09697,0.00171925,0.112573,0.0925735,-6.3109,-6.07067,-5.9663,4315.87,3270.1,1.00038
log_lik[137],-5.40447,0.0027574,0.174934,0.172004,-5.71337,-5.3918,-5.13841,4223.67,3064.28,1.00036
log_lik[138],-5.51013,0.000804842,0.0506962,0.044352,-5.60256,-5.5044,-5.43927,4196.11,3320.45,0.999977
log_lik[139],-4.66581,0.00154323,0.0973859,0.0893563,-4.85044,-4.64736,-4.54402,4194.11,3273.84,1.00047
log_lik[140],-6.87403,0.00298768,0.200512,0.195829,-7.23144,-6.85544,-6.5796,4490.12,3439.55,1.00217
log_lik[141],-5.48013,0.000906247,0.0576844,0.052484,-5.58093,-5.47386,-5.39997,4286.72,3482.64,1.00097
log_lik[142],-5.76383,0.000863215,0.0527612,0.04516,-5.86147,-5.75779,-5.69155,3907.61,3072.09,1.00055
log_lik[143],-5.75369,0.00131647,0.0842134,0.0817876,-5.90491,-5.74657,-5.62773,4099.61,3599.5,1.00167
log_lik[144],-5.3645,0.00133295,0.0795459,0.05645,-5.51641,-5.34647,-5.27493,3572.72,3014.14,1.00051
log_lik[145],-5.84611,0.00398476,0.273354,0.209351,-6.3798,-5.76395,-5.56889,4874.59,3542.0,1.00014
log_lik[146],-5.29887,0.00101364,0.0636536,0.0540259,-5.41592,-5.28702,-5.21579,4043.48,3523.84,0.99954
log_lik[147],-5.17018,0.00424819,0.296701,0.262376,-5.74209,-5.10727,-4.81834,5158.08,3280.8,1.00087
log_lik[148],-4.77481,0.00254401,0.159535,0.147778,-5.08208,-4.74767,-4.5706,4284.81,3183.44,1.00167
log_lik[149],-4.86584,0.00542757,0.250377,0.121039,-5.3542,-4.77751,-4.6607,2252.35,2905.75,1.00047
log_lik[150],-5.75458,0.0025236,0.149828,0.146844,-6.02666,-5.73843,-5.53536,3567.24,3229.96,1.0012
log_lik[151],-5.19119,0.000957022,0.0595265,0.0531216,-5.29886,-5.18321,-5.11046,4032.22,3439.61,1.00088
log_lik[152],-5.42633,0.00117302,0.0703641,0.0534551,-5.5635,-5.41179,-5.34108,3788.53,3171.95,0.999969
log_lik[153],-9.61735,0.00994064,0.62782,0.634204,-10.7082,-9.58714,-8.64928,3993.22,3343.59,1.0018
log_lik[154],-5.2082,0.000982889,0.0556438,0.0463683,-5.3087,-5.19979,-5.13538,3336.6,3214.64,1.00079
log_lik[155],-6.22662,0.00432025,0.276857,0.277224,-6.71764,-6.20721,-5.80022,4174.6,3362.81,0.999993
log_lik[156],-6.56397,0.004389,0.287327,0.281991,-7.0627,-6.55067,-6.11571,4279.26,3526.33,0.999545
log_lik[157],-6.63883,0.00655717,0.420973,0.416255,-7.35923,-6.62096,-5.98035,4201.63,3486.02,0.999729
log_lik[158],-6.30986,0.00134365,0.08366,0.0778958,-6.4646,-6.29636,-6.1988,3974.85,3643.54,1.00036
log_lik[159],-5.73728,0.000828491,0.0489529,0.0464573,-5.82395,-5.73305,-5.66775,3600.23,3243.38,1.00052
log_lik[160],-5.58735,0.00128428,0.0854396,0.0657237,-5.75323,-5.567,-5.48771,4662.66,3489.95,1.00015
log_lik[161],-6.21347,0.00487083,0.302353,0.298707,-6.74085,-6.18498,-5.76077,3925.16,3245.59,1.0015
log_lik[162],-5.06627,0.00128734,0.0724017,0.0526323,-5.20282,-5.05188,-4.98219,3361.53,3108.61,1.00133
log_lik[163],-5.75618,0.00139668,0.0976744,0.0803643,-5.9508,-5.73373,-5.63994,5166.02,3594.19,0.999993
log_lik[164],-5.56349,0.00438095,0.330003,0.320901,-6.15807,-5.53157,-5.07395,6034.13,3396.83,1.00027
log_lik[165],-5.53257,0.00167653,0.103234,0.102648,-5.7138,-5.5221,-5.38411,3953.98,3483.1,1.00029
log_lik[166],-5.55266,0.000922452,0.0594211,0.0497635,-5.66256,-5.54308,-5.47537,4368.25,3590.88,1.00035
log_lik[167],-5.1807,0.000802849,0.0471476,0.0415721,-5.26329,-5.17629,-5.11404,3657.1,3249.55,1.00092
log_lik[168],-5.726,0.00113528,0.0761692,0.0657162,-5.87136,-5.71117,-5.62792,4641.71,3834.12,0.999968
log_lik[169],-6.47742,0.00167042,0.103437,0.0997567,-6.66602,-6.46512,-6.32859,3796.31,3523.62,1.00196
log_lik[170],-5.29898,0.000648445,0.0400097,0.0392963,-5.36661,-5.29716,-5.23639,3881.89,3323.63,1.00048
log_lik[171],-5.84686,0.00102377,0.0610904,0.0549155,-5.95946,-5.83962,-5.76428,3736.85,3221.19,0.999947
log_lik[172],-5.63058,0.00267519,0.176513,0.176689,-5.93286,-5.619,-5.36493,4321.15,3390.66,1.00042
log_lik[173],-6.25235,0.000991681,0.0625943,0.059178,-6.36406,-6.24492,-6.16423,4150.03,3555.73,1.00051
log_lik[174],-5.93495,0.00228726,0.153669,0.151403,-6.20534,-5.92201,-5.70752,4572.81,3528.21,1.00043
log_lik[175],-6.11451,0.00139003,0.0892972,0.0811279,-6.2769,-6.0995,-5.99704,4208.34,3513.4,1.00176
log_lik[176],-5.80136,0.00309326,0.153352,0.0782146,-6.09539,-5.75601,-5.66834,2840.02,3125.65,1.00152
log_lik[177],-5.96164,0.00196864,0.130354,0.114775,-6.20679,-5.93408,-5.80344,4616.46,3258.99,1.00026
log_lik[178],-6.3002,0.0030132,0.200979,0.202775,-6.64588,-6.28917,-5.99774,4298.08,3710.71,1.00203
log_lik[179],-7.23272,0.00582988,0.370362,0.364608,-7.87299,-7.21718,-6.6456,4092.57,3203.63,1.00055
log_lik[180],-5.48965,0.00120378,0.0668439,0.0496374,-5.60895,-5.47848,-5.40922,3440.52,3314.05,1.0008
log_lik[181],-5.3862,0.00178221,0.11505,0.108971,-5.60602,-5.36486,-5.23694,4209.11,3476.25,1.00027
log_lik[182],-5.64579,0.000706716,0.0433299,0.0404157,-5.72127,-5.64283,-5.58229,3832.5,3117.52,1.00054
log_lik[183],-5.90368,0.000675426,0.0405047,0.0392889,-5.97221,-5.90146,-5.84082,3693.4,3280.03,1.00015
log_lik[184],-6.02416,0.00324308,0.207005,0.208676,-6.39014,-6.01131,-5.71308,4094.71,3628.42,1.00083
log_lik[185],-6.01824,0.000810206,0.0497587,0.0453453,-6.10923,-6.01322,-5.94858,3856.69,3219.5,1.00052
log_lik[186],-4.68379,0.00111692,0.0662813,0.0629067,-4.80208,-4.67603,-4.59004,3662.51,3707.57,1.00117
log_lik[187],-8.18899,0.00334663,0.215502,0.211589,-8.55961,-8.17336,-7.85796,4116.12,3286.81,1.00079
log_lik[188],-6.74263,0.00163886,0.106273,0.106191,-6.9336,-6.73236,-6.58932,4181.61,3842.82,1.00013
log_lik[189],-7.0415,0.00282755,0.168585,0.169988,-7.34578,-7.02477,-6.79441,3557.63,3394.23,1.00146
log_lik[190],-7.10508,0.00324816,0.206561,0.199313,-7.49137,-7.07774,-6.82278,4174.35,3444.79,1.00017
log_lik[191],-9.74807,0.00431857,0.277539,0.275675,-10.2225,-9.73597,-9.31461,4158.18,3784.14,1.00013
log_lik[192],-6.14607,0.000969911,0.0595828,0.0557754,-6.25208,-6.13921,-6.06291,3759.86,3108.78,1.00281
log_lik[193],-7.31092,0.00580612,0.331483,0.284363,-7.97132,-7.23179,-6.93315,3375.75,3145.9,0.999775
log_lik[194],-6.53336,0.00131855,0.085153,0.0728105,-6.69592,-6.51823,-6.42556,4254.35,3687.51,1.00019
log_lik[195],-7.60334,0.00165555,0.114642,0.119149,-7.79922,-7.59826,-7.43003,4720.55,3596.15,1.00036
log_lik[196],-7.21266,0.000699359,0.0422919,0.0406307,-7.28667,-7.21027,-7.14895,3825.83,3214.88,1.00009
log_lik[197],-7.22695,0.00132791,0.0808866,0.0798602,-7.36988,-7.22109,-7.10485,3802.17,2875.69,1.00349
log_lik[198],-7.16475,0.00823068,0.577638,0.550593,-8.31231,-7.04563,-6.46137,5254.96,3714.41,0.999718
log_lik[199],-7.69752,0.00142629,0.0941658,0.0954572,-7.85977,-7.69026,-7.55569,4476.32,3628.61,1.00402
log_lik[200],-7.01627,0.00138703,0.0923892,0.090876,-7.18076,-7.00634,-6.88574,4604.31,3120.64,1.00101
log_lik[201],-7.33298,0.00152917,0.107792,0.108586,-7.51934,-7.32538,-7.16949,4969.09,3586.21,1.00178
log_lik[202],-6.87302,0.00126611,0.0797089,0.0786742,-7.01152,-6.86791,-6.7546,4131.99,2862.98,1.00258
log_lik[203],-6.67254,0.00234856,0.153898,0.147482,-6.95998,-6.65454,-6.45442,4530.67,3274.11,1.00045
log_lik[204],-6.15112,0.0023913,0.147284,0.14336,-6.41537,-6.1348,-5.93816,3914.23,3582.16,1.00051
log_lik[205],-6.37091,0.000931705,0.0534598,0.0489406,-6.4664,-6.3644,-6.29537,3467.48,3016.96,0.999497
log_lik[206],-6.74475,0.00320688,0.216774,0.214503,-7.14151,-6.72019,-6.42882,4726.02,3518.61,0.999935
log_lik[207],-6.97666,0.000698296,0.0409391,0.0397485,-7.04597,-6.97469,-6.91402,3575.99,3188.55,0.999553
log_lik[208],-7.2412,0.000782062,0.0472055,0.0437886,-7.32476,-7.23704,-7.1727,3740.64,2912.6,1.00057
log_lik[209],-8.79284,0.001366,0.0876969,0.0842562,-8.9529,-8.78143,-8.66939,4335.68,3223.52,1.00002
log_lik[210],-6.94715,0.00199781,0.130149,0.132033,-7.17742,-6.93569,-6.75483,4213.72,3698.12,1.00053
log_lik[211],-7.62761,0.00182999,0.116323,0.109216,-7.84389,-7.6117,-7.46762,4094.47,3658.01,1.00074
log_lik[212],-8.04558,0.00360621,0.231551,0.231456,-8.44596,-8.02883,-7.69263,3991.98,3265.65,1.00075
log_lik[213],-7.11549,0.00283848,0.167657,0.16405,-7.4134,-7.09786,-6.87172,3509.92,3361.47,1.00043
log_lik[214],-6.81844,0.00367651,0.267418,0.253243,-7.30723,-6.77536,-6.47482,5762.6,3634.4,0.999778
log_lik[215],-8.51411,0.00517244,0.334281,0.337017,-9.085,-8.49227,-8.01115,4143.79,2946.22,1.00108
log_lik[216],-5.92079,0.00556623,0.26353,0.12608,-6.43211,-5.82723,-5.708,2451.84,2855.37,1.00056
log_lik[217],-7.05571,0.00282847,0.21379,0.211886,-7.42739,-7.03419,-6.73759,5896.98,3854.48,0.999592
log_lik[218],-6.86771,0.00201669,0.149878,0.137185,-7.14994,-6.83911,-6.6836,6121.65,3630.15,0.999564
log_lik[219],-8.61408,0.00599,0.396229,0.389946,-9.3352,-8.59027,-8.01506,4413.5,3590.31,1.00042
log_lik[220],-6.37672,0.00137315,0.0871314,0.0838559,-6.53419,-6.36381,-6.25406,4051.82,3816.62,1.00014
log_lik[221],-8.13322,0.00581319,0.390142,0.387789,-8.82222,-8.11702,-7.52707,4502.29,3496.19,0.999335
log_lik[222],-7.98486,0.00143343,0.0971338,0.0953089,-8.15681,-7.97309,-7.8522,4632.91,3716.63,1.0
log_lik[223],-7.95535,0.00380771,0.229115,0.232086,-8.33765,-7.94482,-7.59284,3675.97,3645.92,1.00075
log_lik[224],-8.0373,0.00337119,0.206525,0.203339,-8.40047,-8.01938,-7.73223,3732.23,3596.42,1.00095
log_lik[225],-7.34367,0.00109517,0.070749,0.0653456,-7.47744,-7.33202,-7.24916,4285.73,3448.26,0.999884
log_lik[226],-9.13278,0.00710265,0.453101,0.455084,-9.9094,-9.11159,-8.41916,4062.99,3382.7,1.00057
log_lik[227],-6.28295,0.00249787,0.154148,0.147615,-6.57678,-6.2604,-6.07265,3987.26,3190.74,1.00076
log_lik[228],-6.79073,0.00255236,0.16536,0.163227,-7.0796,-6.78157,-6.54108,4368.11,3611.14,0.999845
log_lik[229],-7.05223,0.00311899,0.185894,0.188631,-7.37476,-7.04345,-6.76169,3580.39,3586.8,1.00072
log_lik[230],-6.90872,0.00346084,0.253669,0.252828,-7.35773,-6.89359,-6.5222,5593.33,3454.79,1.00003
log_lik[231],-9.05185,0.00531116,0.357058,0.35681,-9.64468,-9.04413,-8.47966,4554.78,3717.71,0.999832
log_lik[232],-6.65328,0.00247438,0.157889,0.15574,-6.93484,-6.64162,-6.41962,4204.67,3715.65,1.00005
log_lik[233],-5.55011,0.00130826,0.0756095,0.0659979,-5.69521,-5.53528,-5.45351,3389.22,3098.16,1.00115
log_lik[234],-11.0962,0.00875761,0.525291,0.526323,-11.9976,-11.0833,-10.2656,3571.98,2900.89,0.999599
log_lik[235],-6.36901,0.000654506,0.0413703,0.0407196,-6.43907,-6.36714,-6.30627,4050.42,3455.38,0.999971
log_lik[236],-7.04044,0.00190236,0.118339,0.114531,-7.25567,-7.02574,-6.87479,4013.3,3640.11,1.00045
log_lik[237],-7.29445,0.00438116,0.251748,0.256119,-7.72801,-7.28092,-6.91602,3270.87,3103.43,1.00024
log_lik[238],-7.4601,0.000927884,0.0618445,0.0560126,-7.57259,-7.45167,-7.3752,4591.25,3510.95,1.00054
log_lik[239],-7.20166,0.000711441,0.0413664,0.0400821,-7.27101,-7.19924,-7.13875,3531.27,2821.81,1.00078
log_lik[240],-6.77513,0.000628094,0.0388703,0.0391925,-6.84057,-6.77368,-6.71509,3875.65,3048.39,1.00074
log_lik[241],-6.23591,0.00131168,0.0842664,0.0722768,-6.39664,-6.22091,-6.12871,4157.34,3607.22,1.00067
log_lik[242],-6.44551,0.000776066,0.0509813,0.0475692,-6.53681,-6.44035,-6.3708,4507.01,3545.16,0.999925
log_lik[243],-6.29529,0.000923009,0.061231,0.0501415,-6.41677,-6.28601,-6.21547,4615.69,3464.01,1.00036
log_lik[244],-6.97391,0.00118749,0.0750908,0.0600305,-7.11219,-6.95958,-6.88312,4428.93,3383.34,1.00007
log_lik[245],-6.77327,0.00179088,0.110605,0.076302,-6.98704,-6.74532,-6.65752,4474.21,3717.59,1.0002
log_lik[246],-7.01815,0.00129704,0.07946,0.0593707,-7.17789,-7.00112,-6.92488,4071.13,3407.37,1.00023
log_lik[247],-6.32922,0.00115535,0.065347,0.052914,-6.44695,-6.31845,-6.24754,4010.9,2961.93,1.00037
log_lik[248],-6.73794,0.000665343,0.0399898,0.0390443,-6.80669,-6.73639,-6.67726,3670.78,2889.82,1.00145
log_lik[249],-6.21809,0.000847642,0.0470318,0.0425358,-6.30119,-6.21393,-6.15122,3402.09,2774.82,1.00143
log_lik[250],-8.71408,0.00415233,0.263874,0.263221,-9.17489,-8.69644,-8.31623,4085.77,3257.97,1.00059
log_lik[251],-7.84987,0.000971327,0.0588292,0.0537294,-7.95741,-7.84253,-7.7691,3808.16,2984.03,1.00191
log_lik[252],-6.56259,0.00219096,0.142882,0.139261,-6.82301,-6.54871,-6.35818,4338.44,3403.26,1.00179
log_lik[253],-5.92444,0.000764722,0.0457672,0.0428027,-6.00387,-5.92054,-5.85769,3654.88,3262.62,1.00184
log_lik[254],-8.56212,0.0016827,0.110275,0.0952496,-8.78304,-8.53773,-8.43038,4638.41,3459.09,1.00051
log_lik[255],-6.34937,0.00531389,0.365769,0.347203,-7.06595,-6.28021,-5.89017,5100.53,3721.11,1.00008
log_lik[256],-7.6608,0.00152855,0.0962797,0.0936781,-7.83279,-7.64913,-7.52419,4118.42,3088.24,1.00074
log_lik[257],-7.77536,0.00303866,0.195088,0.186607,-8.12159,-7.75672,-7.48686,4198.49,3849.11,1.00019
log_lik[258],-8.40791,0.000903838,0.0528111,0.0494076,-8.50272,-8.40313,-8.33142,3505.05,3434.69,1.0002
log_lik[259],-7.87757,0.0033688,0.203076,0.20812,-8.23384,-7.86257,-7.57019,3680.89,3334.64,0.999741
log_lik[260],-6.58608,0.000697511,0.0415519,0.0404379,-6.65794,-6.58352,-6.52298,3652.28,2932.05,1.00063
log_lik[261],-7.11868,0.0026642,0.154332,0.151826,-7.39438,-7.10281,-6.89342,3531.17,3612.45,0.999807
log_lik[262],-9.12108,0.0025741,0.170637,0.168371,-9.42278,-9.11058,-8.86085,4418.46,3522.51,0.99995
log_lik[263],-5.40554,0.00103103,0.0581967,0.0469539,-5.50623,-5.39728,-5.33107,3439.1,3068.44,1.00117
log_lik[264],-7.54673,0.00198809,0.125154,0.1233,-7.77241,-7.53674,-7.35656,4042.49,3839.56,0.999658
log_lik[265],-7.32321,0.000743395,0.0464304,0.0440036,-7.40427,-7.31933,-7.25523,4040.27,3095.22,1.00137
log_lik[266],-6.39944,0.000819963,0.0470227,0.0421355,-6.4778,-6.39532,-6.3319,3406.85,3111.52,1.00208
log_lik[267],-5.84613,0.00284086,0.169175,0.165569,-6.14366,-5.83685,-5.58041,3625.18,3661.26,1.00049
log_lik[268],-5.7177,0.00104678,0.0641064,0.0614315,-5.83376,-5.71063,-5.62525,3865.24,3327.61,1.00071
log_lik[269],-5.69991,0.000892937,0.0532926,0.0470874,-5.79256,-5.69417,-5.6259,3744.37,3334.75,1.00094
log_lik[270],-6.32652,0.00317919,0.175618,0.174635,-6.63739,-6.31776,-6.05365,3131.75,3078.23,1.00028
log_lik[271],-6.14312,0.000754672,0.0454503,0.0416833,-6.22164,-6.13963,-6.07666,3758.24,3344.72,1.00032
log_lik[272],-6.56747,0.000838965,0.0477553,0.0438775,-6.65022,-6.56384,-6.49914,3404.46,3145.88,1.00065
log_lik[273],-7.46123,0.00172454,0.10877,0.104983,-7.65945,-7.4488,-7.30591,3983.0,3578.56,1.00016
log_lik[274],-5.93698,0.00214437,0.144281,0.140536,-6.1903,-5.92696,-5.71618,4436.57,3730.63,0.999572
log_lik[275],-7.30044,0.00212962,0.124765,0.123011,-7.52885,-7.28571,-7.12463,3515.76,3609.17,1.00012
log_lik[276],-6.60947,0.00283451,0.194327,0.155339,-6.98937,-6.55484,-6.40049,5218.92,3551.9,0.999446
log_lik[277],-7.6226,0.00147239,0.0888441,0.0850642,-7.78431,-7.6112,-7.49751,3926.26,3648.41,1.00056
log_lik[278],-7.39059,0.00314192,0.183116,0.177793,-7.73002,-7.37371,-7.1194,3451.89,3006.73,1.00006
log_lik[279],-7.20886,0.00149219,0.101726,0.0963097,-7.3927,-7.19741,-7.06388,4575.33,3778.72,1.00035
log_lik[280],-6.36911,0.00070542,0.0409403,0.0393408,-6.44031,-6.36736,-6.3067,3505.18,3034.26,1.00038
log_lik[281],-6.84388,0.00387034,0.258772,0.247898,-7.31711,-6.80734,-6.48902,4453.92,3819.28,0.99967
log_lik[282],-7.55214,0.00401984,0.232601,0.228587,-7.98028,-7.52309,-7.22241,3346.69,3577.69,0.999808
log_lik[283],-7.06278,0.00251215,0.16366,0.163345,-7.35196,-7.05056,-6.81944,4439.68,3815.21,1.00023
log_lik[284],-9.76959,0.00720558,0.473382,0.457427,-10.6224,-9.71137,-9.1012,4488.29,3542.5,1.00102
log_lik[285],-7.14581,0.0042304,0.25308,0.243873,-7.60672,-7.11618,-6.78668,3797.75,3330.65,1.00057
log_lik[286],-9.94682,0.0110649,0.635405,0.626198,-11.0648,-9.89603,-8.97915,3300.7,3488.99,1.00017
log_lik[287],-6.73798,0.00132585,0.0753295,0.0527509,-6.88112,-6.72362,-6.65143,3395.11,3168.78,1.00042
log_lik[288],-6.67278,0.00485735,0.309069,0.306046,-7.20157,-6.65709,-6.1963,4109.15,3273.23,1.00032
log_lik[289],-6.31158,0.00372964,0.227566,0.220633,-6.7245,-6.28016,-5.99805,3872.01,3234.54,1.00006
log_lik[290],-8.82533,0.00640394,0.422501,0.407745,-9.62951,-8.77542,-8.23028,4584.62,3609.98,1.00131
log_lik[291],-8.37027,0.00737579,0.467687,0.454239,-9.19497,-8.3213,-7.69402,3980.22,2974.16,1.00085
log_lik[292],-7.74628,0.000738969,0.0436909,0.0424024,-7.82146,-7.74359,-7.68112,3548.35,3162.36,1.00218
log_lik[293],-6.35835,0.00128468,0.0800013,0.0702308,-6.50823,-6.3445,-6.25538,3976.21,3387.39,1.00031
log_lik[294],-8.38462,0.00645136,0.397618,0.403037,-9.04857,-8.37208,-7.74969,3806.4,3237.47,1.00086
log_lik[295],-7.15624,0.00484624,0.310969,0.309055,-7.681,-7.14794,-6.67437,4131.84,3420.53,1.00172
log_lik[296],-8.2869,0.0066466,0.379209,0.383371,-8.92039,-8.28069,-7.68259,3310.21,3303.47,1.00033
log_lik[297],-8.45964,0.00560892,0.32477,0.329271,-9.01235,-8.44055,-7.9715,3418.12,3344.54,1.00036
log_lik[298],-8.42277,0.00611981,0.36422,0.3683,-9.03295,-8.41109,-7.84636,3569.44,3122.52,1.00238
log_lik[299],-6.36624,0.0058455,0.314142,0.146051,-6.98465,-6.25231,-6.12193,2977.72,3380.41,0.999335
log_lik[300],-9.64349,0.00859633,0.550339,0.539689,-10.5734,-9.63051,-8.76417,4105.65,3274.97,1.00153
log_lik[301],-9.48007,0.00547062,0.344047,0.342154,-10.0554,-9.46884,-8.93079,3932.94,3320.08,1.00152
log_lik[302],-8.88588,0.0101058,0.663367,0.662641,-10.0278,-8.86268,-7.84234,4284.09,3027.53,1.00057
log_lik[303],-7.48014,0.00412682,0.287818,0.277113,-8.01655,-7.44437,-7.08655,5023.56,3546.53,0.999692
log_lik[304],-7.36823,0.00537476,0.352899,0.332547,-8.02376,-7.31256,-6.8956,4225.76,3727.41,1.00021
log_lik[305],-5.96753,0.00248081,0.146648,0.141914,-6.23442,-5.94998,-5.75766,3560.82,3408.93,1.0007
log_lik[306],-9.21773,0.00729961,0.436388,0.418367,-10.0036,-9.17673,-8.58753,3796.54,3653.61,1.00063
log_lik[307],-7.55294,0.00105026,0.0616517,0.0537072,-7.66918,-7.54421,-7.47122,3558.93,3480.53,0.999779
log_lik[308],-5.4478,0.00302208,0.204579,0.193776,-5.83621,-5.4097,-5.18898,4929.06,3616.15,0.999657
log_lik[309],-7.83035,0.000830936,0.048652,0.0448486,-7.91641,-7.82682,-7.75883,3478.98,3242.98,0.999841
log_lik[310],-6.90841,0.00434373,0.289516,0.286082,-7.43862,-6.8807,-6.48764,4581.24,3501.4,1.00009
log_lik[311],-6.31499,0.00129129,0.0804686,0.0773991,-6.45857,-6.30471,-6.20149,3954.3,3688.08,1.00081
log_lik[312],-6.46672,0.00190252,0.117711,0.111477,-6.68692,-6.44967,-6.30819,3944.47,3678.47,1.00018
log_lik[313],-6.65451,0.00421726,0.253006,0.245052,-7.10451,-6.63246,-6.27968,3585.23,3450.08,0.999953
log_lik[314],-8.53952,0.00143797,0.0910795,0.0771026,-8.71471,-8.52014,-8.4275,3986.17,3646.58,0.99987
log_lik[315],-6.15176,0.00442305,0.293853,0.251508,-6.73891,-6.07206,-5.83823,4903.14,3409.18,0.999425
log_lik[316],-5.9841,0.00145882,0.0888894,0.0853459,-6.14744,-5.97073,-5.86452,3790.79,3658.2,1.00109
log_lik[317],-6.4198,0.00168551,0.0945693,0.0810686,-6.59578,-6.40297,-6.30052,3413.6,3321.54,1.00219
log_lik[318],-7.51223,0.000718988,0.0456045,0.0445521,-7.59179,-7.50887,-7.44398,4098.46,3182.21,1.00021
log_lik[319],-7.25325,0.00222312,0.14897,0.151062,-7.51124,-7.24512,-7.0295,4481.24,3857.57,0.999611
log_lik[320],-6.15272,0.00165992,0.0981679,0.0979628,-6.32597,-6.14533,-6.0097,3655.14,3509.69,1.00004
log_lik[321],-8.47375,0.00667134,0.442353,0.422926,-9.27198,-8.42807,-7.83634,4477.46,3646.19,1.00001
log_lik[322],-9.76599,0.0054996,0.353232,0.345913,-10.373,-9.74878,-9.21763,4150.32,3539.25,1.00079
log_lik[323],-8.37404,0.000707272,0.042079,0.0407567,-8.44622,-8.37268,-8.30979,3702.14,2963.36,1.00128
log_lik[324],-7.28205,0.00179068,0.115426,0.106139,-7.49644,-7.26281,-7.12925,4396.36,2697.35,1.00052
log_lik[325],-6.87479,0.00275996,0.162747,0.156844,-7.17483,-6.85442,-6.64578,3740.6,3133.32,1.00114
log_lik[326],-6.91671,0.00180016,0.114437,0.0984521,-7.13085,-6.89387,-6.77929,4423.91,3774.25,0.999476
log_lik[327],-6.41378,0.00181104,0.0978863,0.0668801,-6.6112,-6.38768,-6.30918,3309.58,3162.16,1.00103
log_lik[328],-6.61488,0.000874517,0.0556284,0.0514166,-6.71732,-6.60755,-6.53705,4126.16,3303.48,0.999817
log_lik[329],-7.27359,0.00288789,0.206006,0.201174,-7.63554,-7.255,-6.97024,5135.83,3689.78,0.99968
log_lik[330],-8.73266,0.00139001,0.0952947,0.0920398,-8.89897,-8.72551,-8.59048,4784.02,3690.55,0.999514
log_lik[331],-5.74265,0.00274001,0.179624,0.173123,-6.07288,-5.71915,-5.4873,4515.85,3162.44,1.00069
log_lik[332],-8.51175,0.00283367,0.189018,0.181893,-8.8329,-8.50374,-8.21745,4474.7,3372.38,1.0005
log_lik[333],-7.82568,0.00370682,0.251356,0.249492,-8.27447,-7.80326,-7.45486,4772.4,3717.52,0.999466
log_lik[334],-6.83734,0.000651081,0.0393467,0.0385402,-6.90621,-6.83596,-6.777,3739.78,2859.02,1.001
log_lik[335],-7.34561,0.00129641,0.0731814,0.0544781,-7.48349,-7.3315,-7.2575,3553.15,3290.96,1.00043
log_lik[336],-8.15342,0.00209642,0.138531,0.131988,-8.38736,-8.14723,-7.9393,4371.26,3306.03,1.00051
log_lik[337],-8.16842,0.00691218,0.458973,0.459865,-8.94813,-8.15081,-7.44409,4448.49,3661.95,1.00007
log_lik[338],-5.55317,0.00227514,0.155233,0.153523,-5.82782,-5.53615,-5.32621,4723.77,3712.84,0.999554
log_lik[339],-6.94857,0.0044806,0.278482,0.277402,-7.44322,-6.92687,-6.52561,3844.17,3100.03,0.999819
log_lik[340],-6.02407,0.00183952,0.123215,0.12061,-6.2385,-6.01567,-5.83645,4583.67,3775.13,1.00062
log_lik[341],-6.73608,0.00245505,0.158051,0.158171,-7.00842,-6.72646,-6.49892,4157.97,3849.81,1.00045
log_lik[342],-6.2282,0.00107192,0.0737771,0.06966,-6.36066,-6.21979,-6.12324,4901.95,3450.33,1.00046
log_lik[343],-6.62403,0.0011231,0.072864,0.0694302,-6.74812,-6.62002,-6.50972,4293.93,3214.84,1.00026
log_lik[344],-6.5815,0.000819457,0.0519335,0.0485477,-6.67354,-6.57659,-6.5065,4171.56,3234.93,1.00144
log_lik[345],-7.06328,0.00152459,0.0974489,0.0944713,-7.23475,-7.05105,-6.9268,4142.04,3632.74,0.999578
log_lik[346],-6.19985,0.000616112,0.0398295,0.0393704,-6.26853,-6.19774,-6.13706,4239.7,3061.76,1.00087
log_lik[347],-6.2973,0.00127324,0.0799033,0.0779032,-6.43575,-6.29226,-6.17811,3990.06,3554.86,0.999958
log_lik[348],-12.7187,0.0226716,1.47033,1.47852,-15.3132,-12.5827,-10.5617,4219.31,3540.64,1.00059
log_lik[349],-7.48389,0.00205651,0.136824,0.131091,-7.73481,-7.46637,-7.29655,4594.04,3536.23,0.999862
log_lik[350],-7.15839,0.00195507,0.134537,0.119446,-7.42275,-7.1315,-6.99719,5314.3,3631.9,1.00051
log_lik[351],-6.872,0.00164085,0.112616,0.109794,-7.07809,-6.85919,-6.71156,4823.89,3288.23,1.0023
log_lik[352],-6.4625,0.00140882,0.0925014,0.0881257,-6.62907,-6.45253,-6.33253,4429.08,3851.97,1.00015
log_lik[353],-7.83742,0.00437332,0.294569,0.285289,-8.36684,-7.80546,-7.39972,4690.02,3411.8,1.00046
log_lik[354],-8.07526,0.00384897,0.256849,0.250433,-8.53093,-8.05713,-7.6899,4533.55,3571.99,1.00094
log_lik[355],-6.04547,0.00105183,0.0677173,0.0585701,-6.17096,-6.03498,-5.95693,4360.11,3298.17,0.999726
log_lik[356],-9.58938,0.0029199,0.186503,0.179869,-9.91184,-9.58046,-9.30202,4140.04,3424.04,1.00033
log_lik[357],-5.87408,0.00176331,0.106656,0.105428,-6.06416,-5.86524,-5.71217,3728.44,3695.68,1.00011
log_lik[358],-6.19592,0.001858,0.119809,0.116658,-6.40299,-6.18849,-6.00754,4218.34,3756.3,0.999705
log_lik[359],-5.87047,0.000756788,0.0494243,0.0465536,-5.95977,-5.86603,-5.79788,4313.17,3264.82,1.00033
log_lik[360],-6.11762,0.00125712,0.0811762,0.0780144,-6.26075,-6.10951,-5.99649,4275.18,3508.04,1.00104
log_lik[361],-7.79331,0.00448478,0.299581,0.289151,-8.33419,-7.76751,-7.3509,4583.39,3681.01,1.00133
log_lik[362],-8.06069,0.00246675,0.162,0.160084,-8.35217,-8.05044,-7.81479,4460.33,2936.02,1.00088
log_lik[363],-6.04945,0.0013191,0.0849055,0.0831294,-6.19469,-6.04487,-5.91798,4152.72,2959.07,1.00091
log_lik[364],-5.99151,0.000858374,0.0559731,0.0542928,-6.08926,-5.98822,-5.90647,4290.28,3442.37,1.00002
log_lik[365],-6.46493,0.000979328,0.0586259,0.0541446,-6.56681,-6.45818,-6.38055,3791.46,3214.46,1.00145
log_lik[366],-8.34368,0.00311517,0.202136,0.207312,-8.68627,-8.33327,-8.03292,4271.09,2847.93,1.00179
log_lik[367],-7.28459,0.00256531,0.164674,0.159706,-7.58211,-7.26927,-7.03838,4345.57,3168.4,1.00165
log_lik[368],-7.72045,0.0035857,0.224268,0.219944,-8.10806,-7.71011,-7.36603,3924.39,3330.58,0.999425
log_lik[369],-11.3328,0.00960379,0.619321,0.61261,-12.3856,-11.2932,-10.3629,4163.05,3571.77,1.00068
log_lik[370],-5.77242,0.000747654,0.0458254,0.0436996,-5.85357,-5.76843,-5.70179,3842.69,3180.48,0.999903
log_lik[371],-6.57933,0.000858872,0.0533949,0.0531512,-6.67116,-6.57751,-6.49887,3940.27,3624.66,0.999974
log_lik[372],-6.26195,0.00269178,0.201522,0.198869,-6.62171,-6.2441,-5.9645,5555.4,3598.55,1.0005
log_lik[373],-11.935,0.0152659,1.0611,1.00809,-13.8464,-11.8413,-10.3325,4753.16,3867.41,1.0007
log_lik[374],-6.19815,0.00296598,0.194046,0.192983,-6.53142,-6.18996,-5.89293,4345.25,3478.53,0.999781
log_lik[375],-7.39423,0.00317339,0.210519,0.212975,-7.75269,-7.38457,-7.0638,4489.31,3723.94,1.00018
log_lik[376],-5.51891,0.000662363,0.0395315,0.0388441,-5.58531,-5.5168,-5.45733,3632.37,2946.94,1.00103
log_lik[377],-7.70103,0.0045112,0.299602,0.299018,-8.22084,-7.69166,-7.22966,4572.96,3531.39,0.999974
log_lik[378],-6.52593,0.00379188,0.247565,0.246386,-6.95078,-6.51904,-6.13905,4422.16,3709.64,1.00057
log_lik[379],-6.11567,0.0023304,0.149953,0.150647,-6.37324,-6.10972,-5.88083,4212.82,2998.87,0.999577
log_lik[380],-5.63023,0.00245823,0.139931,0.115902,-5.90032,-5.595,-5.47146,3487.76,3214.19,0.99973
log_lik[381],-7.06065,0.00319867,0.209639,0.210729,-7.4204,-7.05304,-6.73081,4325.03,3449.68,0.999744
log_lik[382],-6.77041,0.00260431,0.173258,0.169061,-7.07986,-6.75405,-6.51825,4506.59,3886.27,1.00047
log_lik[383],-6.22852,0.00118212,0.077189,0.0751826,-6.36059,-6.2249,-6.10732,4317.39,3236.97,1.00092
log_lik[384],-6.50488,0.000815023,0.0514976,0.0484884,-6.59919,-6.4991,-6.43091,4073.41,3405.23,1.00009
log_lik[385],-6.84898,0.00121526,0.0801254,0.0801271,-6.98682,-6.84481,-6.7244,4383.52,3090.23,1.00101
log_lik[386],-5.54571,0.000987169,0.0635816,0.0617651,-5.65438,-5.54358,-5.44625,4191.82,2657.79,1.00106
log_lik[387],-9.3741,0.00477767,0.303285,0.29695,-9.89345,-9.35626,-8.90226,4086.47,3513.88,1.00057
log_lik[388],-5.85605,0.00230082,0.135396,0.13147,-6.09534,-5.85052,-5.64418,3535.24,3272.89,1.00005
log_lik[389],-6.68318,0.000939905,0.0586472,0.0566131,-6.785,-6.68019,-6.59107,3969.0,3278.16,1.00035
log_lik[390],-5.95445,0.000761892,0.0484979,0.0479028,-6.04013,-5.95172,-5.88129,4110.16,2965.19,1.00054
log_lik[391],-8.83596,0.00439699,0.276936,0.27268,-9.31466,-8.8238,-8.40839,4034.75,3587.18,1.00079
log_lik[392],-7.85273,0.00194684,0.124256,0.122129,-8.0678,-7.84634,-7.66188,4116.79,2973.79,1.00127
log_lik[393],-8.3799,0.00645679,0.448827,0.444513,-9.16792,-8.33836,-7.71323,4972.58,3403.27,1.00015
log_lik[394],-6.16661,0.000955125,0.0607341,0.0587184,-6.27339,-6.16212,-6.07545,4110.12,3219.47,1.00187
log_lik[395],-6.35609,0.00105433,0.0650221,0.05986,-6.4689,-6.34803,-6.26346,3972.22,3185.8,1.00082
log_lik[396],-5.60553,0.000874519,0.0558648,0.0516241,-5.70872,-5.59995,-5.52512,4240.52,3101.86,1.00104
log_lik[397],-5.97002,0.00437483,0.278824,0.274889,-6.45544,-5.95099,-5.53485,4243.55,3551.18,1.00105
log_lik[398],-5.28036,0.00130898,0.0772946,0.0732182,-5.42079,-5.27275,-5.16861,3627.23,3103.76,1.00022
log_lik[399],-5.47331,0.000663605,0.0411112,0.0404972,-5.54289,-5.47153,-5.41101,3991.36,3177.66,1.0002
log_lik[400],-6.05332,0.00060924,0.0373871,0.036635,-6.11563,-6.05158,-5.99466,3818.62,3091.42,0.99999
log_lik[401],-5.47834,0.00449267,0.29429,0.290886,-5.99729,-5.44843,-5.05475,4290.09,3550.11,0.999709
log_lik[402],-6.22954,0.00309652,0.199456,0.196081,-6.57329,-6.21948,-5.91979,4303.14,3554.02,1.0003
log_lik[403],-5.7195,0.0035852,0.228702,0.22789,-6.11231,-5.7108,-5.36023,4257.01,3455.13,1.00122
log_lik[404],-6.16534,0.00347572,0.221674,0.209714,-6.5516,-6.15252,-5.82015,4160.81,3270.23,0.999853
log_lik[405],-5.80266,0.00190195,0.118163,0.119446,-6.00818,-5.79701,-5.61833,3905.14,3482.08,1.0004
log_lik[406],-5.76365,0.00256324,0.163858,0.163042,-6.04763,-5.75631,-5.50348,4115.79,3480.9,0.999917
log_lik[407],-6.18879,0.000915887,0.0538733,0.0499933,-6.28868,-6.18313,-6.11387,3587.53,2990.82,1.00087
log_lik[408],-8.73367,0.003051,0.196926,0.197304,-9.05788,-8.72707,-8.42641,4140.74,3210.21,1.00158
log_lik[409],-6.1404,0.000637467,0.0419014,0.0417648,-6.21018,-6.13846,-6.07643,4414.95,3327.53,1.00029
log_lik[410],-5.2579,0.0022299,0.118695,0.0716466,-5.48781,-5.22501,-5.1418,3201.32,3338.03,1.00102
log_lik[411],-6.65533,0.0054745,0.351442,0.346936,-7.2618,-6.62803,-6.12364,4247.7,4019.42,0.999725
log_lik[412],-5.52103,0.000856587,0.0503394,0.0474061,-5.61452,-5.51577,-5.44942,3570.88,2907.46,1.0008
log_lik[413],-9.3446,0.00444059,0.303957,0.30291,-9.85757,-9.34036,-8.86445,4728.89,2763.75,1.0015
log_lik[414],-4.78211,0.0023217,0.131177,0.116288,-5.03172,-4.75882,-4.61683,3509.64,2964.48,0.999915
log_lik[415],-5.96816,0.00182651,0.101583,0.0864356,-6.16377,-5.94744,-5.84157,3299.09,3106.43,1.0
log_lik[416],-5.46426,0.00269974,0.170937,0.166867,-5.77523,-5.44163,-5.22592,4183.05,3587.98,1.00007
log_lik[417],-6.73142,0.00254664,0.168714,0.163168,-7.04345,-6.71145,-6.49031,4552.05,3570.17,1.00049
log_lik[418],-6.91688,0.000869597,0.057614,0.0556939,-7.01876,-6.91061,-6.8336,4553.12,3636.68,1.00057
log_lik[419],-7.21179,0.00228141,0.145883,0.141507,-7.46543,-7.20392,-6.98646,4094.21,3136.65,1.00095
log_lik[420],-8.05824,0.00245047,0.162061,0.161463,-8.34091,-8.04654,-7.81121,4441.88,3426.22,1.00168
log_lik[421],-7.22425,0.000724525,0.0442571,0.0428397,-7.30081,-7.22168,-7.15446,3826.28,3165.01,1.00072
log_lik[422],-6.79684,0.000732708,0.0445029,0.0443075,-6.87553,-6.79437,-6.72792,3782.97,3263.3,1.00077
log_lik[423],-6.17508,0.000743285,0.0462031,0.0444928,-6.25617,-6.17178,-6.10546,3960.41,3331.56,1.00076
log_lik[424],-6.42734,0.000702708,0.0426834,0.0420539,-6.50015,-6.42577,-6.36251,3757.26,3237.56,1.00027
log_lik[425],-6.26349,0.000617159,0.0378169,0.0383993,-6.32815,-6.26233,-6.20374,3800.87,2934.18,1.00015
log_lik[426],-6.53007,0.000775544,0.0521398,0.048785,-6.62254,-6.52454,-6.4544,4633.36,3435.7,1.00085
log_lik[427],-6.0286,0.00103212,0.0643689,0.0623137,-6.13891,-6.02535,-5.92872,3951.77,3168.63,1.0014
log_lik[428],-7.21483,0.00156892,0.099884,0.0982816,-7.39327,-7.20538,-7.06625,4205.59,3567.87,1.00041
log_lik[429],-5.75916,0.00102735,0.0654905,0.0593114,-5.8792,-5.75021,-5.66925,4362.42,2836.98,1.00122
log_lik[430],-5.79588,0.000811189,0.0496924,0.0467909,-5.88478,-5.79189,-5.72025,3844.57,3212.36,1.0001
log_lik[431],-5.97474,0.00138791,0.0887471,0.0867988,-6.12803,-5.96985,-5.83764,4101.5,3260.05,1.00122
log_lik[432],-6.98786,0.00431542,0.261458,0.253139,-7.45135,-6.96712,-6.58978,3699.84,3071.29,1.00042
log_lik[433],-6.54769,0.00289434,0.195723,0.19617,-6.88346,-6.54142,-6.23765,4644.77,3539.42,1.0025
log_lik[434],-5.65085,0.00114303,0.0777464,0.073359,-5.79747,-5.64093,-5.54107,4899.92,2942.84,1.00243
log_lik[435],-6.00258,0.00104419,0.0632997,0.0595042,-6.11455,-5.99738,-5.9073,3753.41,3614.28,1.00056
log_lik[436],-10.4525,0.00813294,0.54445,0.533588,-11.3767,-10.4083,-9.62395,4414.64,3421.84,1.00087
log_lik[437],-5.62476,0.000639721,0.0385325,0.038681,-5.68971,-5.62322,-5.56419,3690.11,3212.49,1.00044
log_lik[438],-5.87659,0.000773783,0.0449225,0.0416018,-5.95442,-5.87317,-5.81123,3554.64,3218.99,1.00056
log_lik[439],-6.48305,0.0026112,0.174061,0.174413,-6.77876,-6.47622,-6.20876,4529.47,3388.21,0.999683
log_lik[440],-6.39026,0.00128757,0.0768362,0.0720618,-6.53494,-6.37821,-6.28372,3655.23,3612.73,1.00094
log_lik[441],-6.79716,0.0010014,0.0676582,0.0619653,-6.9243,-6.78664,-6.70474,4843.6,3515.85,1.00064
log_lik[442],-9.70164,0.00655922,0.421445,0.422778,-10.4321,-9.6737,-9.06213,4129.71,3354.34,1.00108
log_lik[443],-6.70795,0.00188874,0.120326,0.116117,-6.91708,-6.6984,-6.52647,4127.62,3792.86,0.999804
log_lik[444],-6.62216,0.00238585,0.146783,0.143026,-6.88562,-6.60845,-6.40605,3825.36,3565.35,0.999817
log_lik[445],-6.83273,0.000825725,0.0548763,0.052825,-6.93001,-6.82913,-6.75059,4545.95,3745.15,1.00033
log_lik[446],-6.0634,0.00148587,0.100342,0.0959316,-6.24486,-6.05079,-5.92166,4698.6,3774.12,1.00094
log_lik[447],-6.92267,0.000839534,0.0555435,0.053722,-7.02295,-6.91691,-6.8422,4494.95,3589.81,0.999798
log_lik[448],-6.56731,0.00253714,0.177656,0.178305,-6.87708,-6.55609,-6.29395,4909.16,3741.19,0.999639
log_lik[449],-5.94211,0.000576511,0.0358189,0.036635,-6.00209,-5.94118,-5.8848,3910.91,2944.3,1.00028
log_lik[450],-5.86496,0.000647804,0.0404725,0.0400005,-5.93576,-5.8621,-5.80193,3962.55,3082.29,1.00007
log_lik[451],-7.18286,0.00072887,0.0447431,0.044908,-7.25948,-7.18104,-7.11386,3834.92,3185.45,1.00098
log_lik[452],-6.79047,0.000951058,0.0633732,0.0622025,-6.90348,-6.78514,-6.69766,4526.36,3272.36,1.00036
log_lik[453],-6.38678,0.00107153,0.0711488,0.0704606,-6.51011,-6.38117,-6.27916,4465.15,3231.39,1.0011
log_lik[454],-6.09242,0.000952074,0.0624223,0.057599,-6.20629,-6.08455,-6.00546,4518.54,3612.07,1.00085
log_lik[455],-6.34544,0.00175693,0.115331,0.11542,-6.53653,-6.34089,-6.16012,4297.07,3291.39,1.00132
log_lik[456],-7.98132,0.00234565,0.151471,0.150944,-8.23758,-7.97117,-7.75064,4265.77,2801.28,1.00157
deaths_rep[1],21.5602,0.167996,10.9281,10.3782,7.0,20.0,41.0,4181.92,3873.98,1.00008
deaths_rep[2],84.5222,0.650864,40.9838,37.065,30.0,78.0,162.0,3937.99,3602.95,1.00064
deaths_rep[3],26.1013,0.211272,13.4413,11.8608,8.0,24.0,51.0,4049.44,4136.37,1.00032
deaths_rep[4],51.6735,0.427758,26.3539,23.7216,17.0,47.0,101.0,3819.07,3848.65,1.00048
deaths_rep[5],439.862,3.26494,211.375,199.41,162.0,406.0,836.1,4156.35,3834.99,0.999814
deaths_rep[6],20.729,0.170034,10.7489,10.3782,7.0,19.0,41.0,4002.26,3974.65,1.00016
deaths_rep[7],25.958,0.201705,13.023,11.8608,8.0,24.0,50.05,4130.88,4027.49,1.00077
deaths_rep[8],64.2095,0.512637,31.623,28.1694,23.0,59.0,123.0,3792.76,3731.95,1.00022
deaths_rep[9],263.997,1.98715,127.391,120.091,96.0,241.0,507.0,4116.46,3980.46,1.00076
deaths_rep[10],8.36125,0.0808998,5.06544,4.4478,2.0,8.0,18.0,3954.24,3828.32,0.999783
deaths_rep[11],696.014,5.2386,329.497,307.639,262.0,642.5,1321.05,3912.44,4058.93,0.999817
deaths_rep[12],185.96,1.38999,88.6084,81.543,68.0,172.0,359.0,4052.32,4012.84,0.999874
deaths_rep[13],16.2323,0.145947,8.77998,8.1543,5.0,15.0,32.0,3618.38,3731.16,0.999873
deaths_rep[14],374.763,2.76908,180.566,166.792,134.0,344.5,721.0,4285.63,3982.03,1.00006
deaths_rep[15],8.7305,0.0833726,5.23376,4.4478,2.0,8.0,19.0,3972.38,4002.1,1.00034
deaths_rep[16],824.505,6.23528,381.798,368.426,308.85,766.5,1521.0,3775.41,3588.32,1.00086
deaths_rep[17],16.6393,0.148894,8.88169,8.8956,5.0,15.0,33.0,3714.1,3469.03,0.999712
deaths_rep[18],55.9143,0.450175,28.2438,25.2042,19.0,52.0,108.0,3960.4,3879.13,1.00039
deaths_rep[19],31.5983,0.249912,16.1168,14.826,11.0,29.0,62.0,4220.23,3943.82,1.00015
deaths_rep[20],48.8903,0.387993,24.4135,23.7216,16.0,45.0,96.0,3960.19,3959.41,0.999754
deaths_rep[21],38.7903,0.311029,19.3722,17.7912,13.0,36.0,75.0,3801.23,3905.96,0.999939
deaths_rep[22],546.587,4.06497,251.845,234.251,204.95,508.0,1022.05,3854.38,3792.23,1.00063
deaths_rep[23],42.866,0.333331,21.4445,19.2738,14.95,39.0,82.05,4109.06,3332.48,1.00008
deaths_rep[24],17.8278,0.151287,9.44788,8.8956,5.0,16.0,35.0,3850.87,3484.15,1.00002
deaths_rep[25],63.9875,0.487838,30.6867,28.1694,22.0,59.0,121.0,3946.3,3756.89,1.00218
deaths_rep[26],66.365,0.504414,31.5874,29.652,24.0,62.0,126.0,4004.59,3649.2,1.00053
deaths_rep[27],27.3263,0.248704,15.5834,13.3434,8.0,24.0,57.0,3818.53,3812.59,1.00016
deaths_rep[28],98.4073,0.742144,46.179,45.9606,36.0,92.0,184.0,3866.87,3616.56,1.00085
deaths_rep[29],42.0755,0.355615,22.1418,19.2738,14.0,38.0,84.0,3889.65,3850.21,0.999969
deaths_rep[30],79.989,0.607165,39.8456,36.3237,27.0,73.5,155.0,4303.16,4039.91,0.999533
deaths_rep[31],71.011,0.540648,34.5386,31.1346,25.0,65.0,135.0,4109.61,3817.41,1.00065
deaths_rep[32],49.6183,0.391031,24.2549,22.239,17.0,46.0,94.0,3873.66,3811.07,1.00063
deaths_rep[33],149.789,1.09269,70.9696,66.717,55.0,138.0,279.0,4176.51,4049.21,1.00023
deaths_rep[34],26.5478,0.211959,13.7211,11.8608,9.0,24.0,52.0,4120.31,3819.17,0.99974
deaths_rep[35],1644.81,12.1748,760.22,709.424,621.9,1536.0,3089.25,3935.55,3850.96,0.999958
deaths_rep[36],110.314,0.842261,52.9502,48.9258,40.0,102.0,210.05,3961.13,4081.21,0.999918
deaths_rep[37],8.3925,0.0769947,4.90734,4.4478,2.0,8.0,18.0,4096.19,4051.74,0.999668
deaths_rep[38],28.4997,0.223556,14.5127,13.3434,10.0,26.0,55.0,4185.06,3750.13,1.00044
deaths_rep[39],26.5338,0.209391,13.4983,13.3434,8.0,25.0,52.0,4157.66,4048.28,0.999604
deaths_rep[40],2581.96,20.3404,1234.42,1116.4,975.95,2357.5,4901.5,3833.68,3704.09,1.00071
deaths_rep[41],346.989,2.70362,168.646,154.932,129.0,320.5,664.0,3837.31,3995.72,1.00111
deaths_rep[42],149.847,1.15714,71.8383,68.1996,55.0,139.0,285.05,3900.29,4021.96,0.999292
deaths_rep[43],1604.18,11.8542,769.962,719.802,603.9,1479.0,3058.05,4192.4,4210.92,1.00032
deaths_rep[44],17.171,0.145322,9.21086,8.8956,5.0,16.0,34.05,4094.86,3922.88,0.999524
deaths_rep[45],32.8728,0.266412,16.6679,15.5673,11.0,30.5,63.0,3906.74,3827.64,1.00146
deaths_rep[46],1649.78,12.1921,773.013,722.767,625.95,1533.0,3066.15,4021.77,3971.97,0.999619
deaths_rep[47],34.3795,0.290235,17.535,16.3086,12.0,31.0,67.05,3643.21,3783.51,0.999967
deaths_rep[48],166.436,1.35183,88.2542,78.5778,54.0,150.0,328.0,4191.9,4103.85,0.999706
deaths_rep[49],5.81475,0.0570317,3.72289,2.9652,1.0,5.0,13.0,4343.32,3594.73,0.99944
deaths_rep[50],123.743,0.933933,59.3952,54.8562,45.0,115.0,236.05,4056.56,4041.18,1.0011
deaths_rep[51],539.763,4.06709,249.305,229.803,211.95,498.0,1011.15,3863.48,4023.47,1.0005
deaths_rep[52],297.222,2.70772,167.999,142.33,96.0,262.0,620.05,4003.52,3808.49,1.00045
deaths_rep[53],22.227,0.181875,11.5828,10.3782,7.0,20.0,43.0,4069.41,3729.49,1.00011
deaths_rep[54],19.0373,0.171607,10.2025,8.8956,6.0,17.0,38.0,3407.8,3809.31,0.999689
deaths_rep[55],30.763,0.243562,15.4914,14.826,10.0,29.0,60.0,4121.6,3940.2,1.00066
deaths_rep[56],246.306,1.76187,114.478,108.23,91.0,228.0,458.05,4226.68,4089.02,0.999369
deaths_rep[57],4.4915,0.0482397,2.98155,2.9652,1.0,4.0,10.0,3938.69,4000.1,1.00016
deaths_rep[58],29.4202,0.252628,15.7263,14.826,9.0,26.0,59.0,3954.74,3885.6,0.999467
deaths_rep[59],16.3955,0.134936,8.68924,7.413,5.0,15.0,33.0,4111.99,3962.28,1.00002
deaths_rep[60],28.4788,0.220991,14.1508,13.3434,10.0,26.0,55.0,4011.16,3826.01,1.00048
deaths_rep[61],128.234,0.96174,61.8942,54.8562,46.0,118.0,246.0,4170.68,3890.21,1.00039
deaths_rep[62],13.5463,0.119386,7.41118,7.413,4.0,12.0,27.0,3892.79,3909.57,1.00071
deaths_rep[63],4.95875,0.0501202,3.21693,2.9652,1.0,4.0,11.0,4083.42,3975.62,1.00023
deaths_rep[64],9.55425,0.0933355,5.96925,4.4478,2.0,8.0,21.0,4166.81,3867.46,1.00055
deaths_rep[65],57.3528,0.50979,32.1613,28.1694,18.0,51.0,118.0,4124.26,3857.33,1.00031
deaths_rep[66],108.874,0.869364,55.758,51.891,39.0,100.0,212.0,4095.94,4179.88,0.999746
deaths_rep[67],101.51,0.896017,56.7565,48.9258,32.95,90.0,206.0,3992.4,3636.1,1.00024
deaths_rep[68],3.806,0.0425749,2.70013,2.9652,0.0,3.0,9.0,4056.42,3971.25,1.00073
deaths_rep[69],21.7355,0.186946,11.5673,10.3782,7.0,20.0,43.0,3793.56,3719.23,0.999976
deaths_rep[70],2.86775,0.0353077,2.25943,1.4826,0.0,2.0,7.0,4013.95,4023.51,0.999833
deaths_rep[71],5.029,0.0575837,3.57356,2.9652,1.0,4.0,12.0,3815.86,3921.86,0.999429
deaths_rep[72],13.6783,0.128044,8.07961,7.413,4.0,12.0,29.0,4002.81,3904.42,0.999871
deaths_rep[73],12.135,0.120343,7.51108,5.9304,3.0,11.0,26.0,3907.88,3811.33,0.999902
deaths_rep[74],112.582,0.839843,53.6596,48.9258,41.0,104.0,213.0,4037.09,3886.95,1.00004
deaths_rep[75],16.4118,0.1365,8.66481,8.8956,5.0,15.0,32.0,4198.72,3986.18,1.00053
deaths_rep[76],16.7647,0.138387,8.87274,7.413,5.0,15.0,33.05,4059.94,3968.32,0.999547
deaths_rep[77],31.0458,0.251222,15.6297,14.826,10.95,29.0,60.0,3855.07,4015.07,1.00069
deaths_rep[78],134.862,1.00953,64.4041,59.304,50.0,124.0,252.05,4057.77,3986.91,0.999761
deaths_rep[79],112.77,0.867028,55.7192,51.891,38.95,105.0,216.0,4162.78,3969.96,0.999297
deaths_rep[80],16.664,0.142667,8.91207,8.8956,5.0,15.0,33.0,3890.59,3784.36,1.00237
deaths_rep[81],22.5015,0.175589,11.2216,10.3782,8.0,21.0,43.0,4102.3,4084.54,1.00088
deaths_rep[82],14.8063,0.123291,7.87234,7.413,4.0,14.0,29.0,3978.27,3986.64,1.00037
deaths_rep[83],16.7075,0.141837,8.77449,7.413,5.0,15.0,33.0,3872.37,3852.27,1.00109
deaths_rep[84],4.2295,0.0454155,2.88893,2.9652,1.0,4.0,10.0,3917.37,3669.72,1.00022
deaths_rep[85],15.9512,0.133041,8.28677,7.413,5.0,15.0,32.0,3977.54,3838.02,1.00075
deaths_rep[86],44.3535,0.339438,21.4218,19.2738,16.0,41.0,84.05,3954.42,3922.91,1.0011
deaths_rep[87],4.148,0.0473454,2.95208,2.9652,0.0,4.0,10.0,4042.09,3983.75,0.999956
deaths_rep[88],12.449,0.109187,6.81179,5.9304,3.0,11.0,25.0,3912.78,3770.26,1.00163
deaths_rep[89],6.03725,0.0617994,3.85857,2.9652,1.0,5.0,13.0,3948.92,3853.89,1.00019
deaths_rep[90],35.0525,0.278122,17.3056,16.3086,12.0,32.0,67.0,3968.62,3657.23,0.999903
deaths_rep[91],16.9468,0.138749,8.74082,8.8956,5.0,16.0,33.0,4030.58,3839.33,0.999647
deaths_rep[92],24.498,0.202098,12.5683,11.8608,8.0,22.0,48.0,3915.71,3704.56,0.999855
deaths_rep[93],6.7625,0.0668313,4.10802,4.4478,1.0,6.0,14.0,3850.7,3868.13,1.00007
deaths_rep[94],47.0423,0.351851,23.4299,22.239,17.0,43.0,90.0,4400.3,4033.14,1.00146
deaths_rep[95],8.31925,0.0784809,5.01444,4.4478,2.0,7.0,18.0,4146.6,3839.98,1.00032
deaths_rep[96],58.3125,0.499146,31.3653,28.1694,19.0,53.0,116.0,4020.43,3767.85,1.0008
deaths_rep[97],36.4535,0.293242,18.2618,17.7912,12.0,34.0,71.0,3933.12,3652.3,0.999953
deaths_rep[98],19.6953,0.172521,10.455,8.8956,6.0,18.0,39.0,3566.31,4030.85,1.00084
deaths_rep[99],32.295,0.253377,15.9671,14.826,11.0,30.0,62.0,4000.9,3725.02,0.999904
deaths_rep[100],17.1505,0.136599,8.94787,8.8956,5.0,16.0,34.0,4331.02,4002.38,1.0014
deaths_rep[101],21.9445,0.181491,11.3265,10.3782,7.0,20.0,43.0,3894.51,3811.7,1.00008
deaths_rep[102],5.07775,0.0517649,3.2965,2.9652,1.0,5.0,11.0,4109.23,3761.8,0.999822
deaths_rep[103],29.578,0.241992,15.0681,13.3434,10.0,27.0,57.0,3923.85,4069.34,0.999921
deaths_rep[104],9.9385,0.0905518,5.563,5.9304,3.0,9.0,20.0,3746.24,3755.79,1.00053
deaths_rep[105],14.0262,0.125554,7.8284,7.413,4.0,13.0,29.0,3898.3,4037.05,1.00065
deaths_rep[106],25.1215,0.206744,13.0765,11.8608,8.0,23.0,49.0,4061.26,3957.21,1.00085
deaths_rep[107],11.9845,0.105806,6.57819,5.9304,3.0,11.0,24.0,3853.82,3864.28,1.00094
deaths_rep[108],41.786,0.325562,20.5919,19.2738,14.0,38.0,80.0,4007.34,3818.03,1.00047
deaths_rep[109],4.2295,0.0453542,2.84339,2.9652,1.0,4.0,9.0,3931.94,3755.0,1.00026
deaths_rep[110],18.7673,0.159204,9.87722,8.8956,6.0,17.0,37.0,3898.46,3772.09,1.00047
deaths_rep[111],11.162,0.10369,6.34396,5.9304,3.0,10.0,23.0,3953.65,3670.27,1.00026
deaths_rep[112],14.4157,0.120653,7.80478,7.413,4.0,13.0,29.0,4220.5,3802.92,1.00077
deaths_rep[113],149.475,1.0752,69.1955,66.717,57.0,139.0,276.05,4121.26,4007.36,1.0002
deaths_rep[114],24.82,0.191445,12.3611,11.8608,8.0,23.0,48.0,4168.2,3900.54,0.999783
deaths_rep[115],19.3015,0.155892,9.95416,8.8956,6.0,18.0,38.0,4110.9,3980.88,1.00035
deaths_rep[116],5.3465,0.0560034,3.47102,2.9652,1.0,5.0,12.0,3844.28,3793.37,1.00056
deaths_rep[117],5.659,0.0586336,3.54222,2.9652,1.0,5.0,12.0,3720.69,3939.25,1.00017
deaths_rep[118],16.1242,0.135107,8.52085,7.413,5.0,15.0,32.0,4012.58,3935.04,0.999974
deaths_rep[119],16.2368,0.137642,8.75605,7.413,5.0,15.0,33.0,4124.11,3821.71,1.00003
deaths_rep[120],172.043,1.29564,81.4403,78.5778,64.95,159.0,323.0,3985.73,3946.08,0.999708
deaths_rep[121],507.322,3.88337,239.708,225.355,191.0,465.0,963.0,3824.99,3972.96,1.00052
deaths_rep[122],258.67,2.04943,118.367,109.712,99.0,241.0,478.05,3485.63,3133.67,1.00031
deaths_rep[123],251.752,1.85379,118.012,108.23,94.0,231.0,471.05,3989.68,3785.36,1.00021
deaths_rep[124],180.425,1.44742,87.4519,80.0604,66.0,166.0,343.05,3841.47,3533.15,1.0022
deaths_rep[125],401.833,2.98088,189.509,177.171,151.95,370.0,759.05,3979.96,3538.85,1.00002
deaths_rep[126],171.033,1.28326,79.9465,75.6126,65.0,160.0,319.0,4036.65,4070.18,1.00016
deaths_rep[127],354.957,2.66253,163.172,154.19,129.95,331.0,661.0,3944.65,3891.6,0.99953
deaths_rep[128],361.211,2.60822,168.052,160.121,134.0,336.0,668.05,4244.47,3863.85,1.0014
deaths_rep[129],142.26,1.08755,68.5794,63.7518,52.0,132.0,267.0,4045.71,3872.69,1.00037
deaths_rep[130],259.24,1.96189,122.765,115.643,97.95,240.0,492.0,3966.8,4107.02,1.00109
deaths_rep[131],314.404,2.406,149.189,137.882,113.95,294.0,589.0,3920.35,3559.81,0.999934
deaths_rep[132],276.475,2.13214,132.178,121.573,99.0,255.0,517.05,3793.17,3689.55,1.00051
deaths_rep[133],171.974,1.35736,81.9212,75.6126,66.0,159.0,326.0,3655.64,3830.21,1.0007
deaths_rep[134],91.9107,0.756644,46.0199,42.9954,32.95,84.0,179.0,3759.78,3884.69,1.00102
deaths_rep[135],110.968,0.924053,54.2176,48.9258,40.0,102.0,212.0,3639.68,3908.74,1.00128
deaths_rep[136],284.644,2.13344,137.079,127.504,106.0,262.0,543.05,4086.32,3861.18,0.999925
deaths_rep[137],183.172,1.32533,85.2919,78.5778,70.0,170.0,344.0,4043.26,3885.29,0.999551
deaths_rep[138],192.833,1.47739,92.2189,85.9908,72.0,178.0,365.0,3924.51,3898.92,1.00051
deaths_rep[139],97.213,0.72163,45.7919,41.5128,35.0,90.0,183.0,4101.19,3817.2,1.00181
deaths_rep[140],275.057,1.97976,127.658,118.608,102.0,255.0,514.0,4127.13,3987.03,1.00024
deaths_rep[141],219.52,1.63958,102.49,94.1451,81.0,203.0,416.0,3943.29,3817.92,1.00085
deaths_rep[142],247.482,1.86007,116.315,106.747,94.0,228.0,459.0,3930.54,3881.79,1.00015
deaths_rep[143],172.907,1.27312,80.6325,77.0952,64.0,163.0,323.0,4031.0,4044.72,1.00063
deaths_rep[144],159.645,1.18625,75.2845,71.1648,58.0,148.0,301.0,3923.32,3874.31,0.999849
deaths_rep[145],173.634,1.32514,84.8348,75.6126,63.0,159.0,334.0,4201.6,3770.86,0.999881
deaths_rep[146],144.087,1.20905,69.4711,63.7518,53.0,132.0,277.0,3503.35,3557.22,1.00023
deaths_rep[147],70.2103,0.536041,34.7182,31.1346,25.0,64.0,137.0,4171.75,3947.87,0.999729
deaths_rep[148],108.11,0.831006,52.5174,48.9258,38.0,100.0,204.05,3976.72,4013.06,1.00035
deaths_rep[149],94.0222,0.849267,53.3588,45.2193,30.0,83.0,195.0,4202.96,3860.79,0.999934
deaths_rep[150],284.157,2.14816,134.79,124.538,105.0,260.0,537.1,3992.66,4100.28,0.999905
deaths_rep[151],162.772,1.21627,76.5715,71.1648,61.0,151.0,306.0,4054.76,3878.32,1.00139
deaths_rep[152],203.612,1.5854,100.207,91.9212,75.0,187.0,395.0,4026.24,3874.83,0.99962
deaths_rep[153],252.34,1.92898,119.39,112.678,96.0,234.0,473.0,3822.1,3868.64,1.00047
deaths_rep[154],147.612,1.09222,69.4418,63.7518,56.0,137.0,277.0,4032.78,3784.88,0.99994
deaths_rep[155],280.166,2.11985,132.941,123.056,107.0,256.0,533.05,3901.07,3833.94,0.999538
deaths_rep[156],403.244,3.0397,192.0,174.947,147.0,371.0,770.05,4019.11,4056.29,1.00003
deaths_rep[157],287.816,2.2987,139.921,127.504,107.0,262.0,549.0,3866.32,3729.31,1.00024
deaths_rep[158],357.036,2.66994,167.005,154.19,133.0,334.0,663.05,3871.17,3393.76,1.00115
deaths_rep[159],282.533,2.07997,128.91,123.056,108.0,266.0,521.0,3881.18,3609.81,1.00063
deaths_rep[160],189.255,1.53247,92.456,84.5082,68.0,174.0,361.05,3741.33,3897.08,1.00201
deaths_rep[161],335.776,2.62915,163.89,148.26,125.0,310.0,636.0,3937.3,4058.88,1.00029
deaths_rep[162],125.753,0.938859,61.6866,56.3388,46.0,115.0,244.0,4347.75,3894.66,1.00047
deaths_rep[163],207.968,1.60592,100.077,93.4038,76.0,192.0,388.0,4062.61,3941.9,0.999944
deaths_rep[164],189.945,1.55218,93.5778,84.5082,69.0,174.0,367.0,3701.67,3844.02,1.00129
deaths_rep[165],238.195,1.79175,112.97,105.265,86.95,219.0,449.0,3967.2,3948.71,0.999631
deaths_rep[166],196.782,1.38583,91.711,85.9908,76.0,183.0,369.05,4389.03,3907.89,1.00006
deaths_rep[167],148.67,1.18208,73.6442,66.717,53.0,136.0,282.0,3879.14,3817.48,1.00009
deaths_rep[168],210.053,1.62636,100.762,91.9212,78.0,193.0,393.05,3974.88,3766.32,1.00014
deaths_rep[169],615.88,4.42383,276.385,266.868,244.95,578.5,1136.05,3956.21,3642.62,1.00022
deaths_rep[170],159.55,1.17186,74.3927,71.1648,59.0,148.0,298.1,4072.35,3772.87,1.0004
deaths_rep[171],316.357,2.39196,148.251,139.364,118.95,295.0,590.0,3870.61,4022.04,0.999605
deaths_rep[172],81.3678,0.607708,38.6576,35.5824,29.0,75.0,152.0,4015.37,4040.0,0.999852
deaths_rep[173],485.35,3.48261,222.298,204.599,186.0,451.0,883.05,4075.02,3858.92,0.999858
deaths_rep[174],333.803,2.48636,157.504,146.777,126.0,308.0,629.0,3983.74,3851.7,1.00054
deaths_rep[175],428.905,3.22465,202.552,183.842,155.0,395.0,814.1,3869.48,3720.74,1.0004
deaths_rep[176],252.776,2.10601,128.481,115.643,92.0,230.0,504.0,3892.97,3452.19,1.00016
deaths_rep[177],363.375,2.83416,178.169,163.086,128.0,333.0,703.0,4018.84,3795.74,0.999848
deaths_rep[178],423.418,3.3248,203.4,188.29,154.0,389.0,821.0,3886.71,4016.6,1.00014
deaths_rep[179],541.118,4.0504,256.457,242.405,199.0,498.5,1032.1,3981.39,3782.58,1.00082
deaths_rep[180],205.517,1.60073,100.02,90.4386,76.0,187.0,394.05,3917.56,3765.88,0.999509
deaths_rep[181],126.556,0.947205,59.7532,54.8562,47.0,116.0,235.0,3987.34,4037.16,1.00114
deaths_rep[182],225.254,1.6838,104.629,96.369,88.0,210.0,415.05,3979.63,3960.17,1.00012
deaths_rep[183],301.963,2.39445,142.199,137.882,113.0,282.0,564.05,3635.41,3604.28,1.0
deaths_rep[184],106.51,0.778168,49.1675,45.9606,40.0,100.0,197.0,3938.32,3788.51,1.00066
deaths_rep[185],315.562,2.30174,150.353,137.882,118.0,291.0,604.05,4277.74,4028.5,1.00002
deaths_rep[186],99.3692,0.753486,46.9631,44.478,37.0,92.0,185.0,3947.7,3996.1,1.00066
deaths_rep[187],691.919,5.10329,314.858,290.59,265.0,645.0,1280.1,3873.18,3740.8,1.00068
deaths_rep[188],419.899,3.00867,195.456,182.36,153.0,391.0,776.0,4214.63,4103.57,1.00019
deaths_rep[189],383.831,2.78923,176.981,163.086,141.0,359.0,707.0,3993.11,3894.9,1.00086
deaths_rep[190],1109.44,8.05962,530.215,473.691,415.0,1019.5,2063.2,4300.95,4060.28,1.00041
deaths_rep[191],9603.44,70.2856,4515.34,4156.47,3592.95,8876.5,17939.5,4170.87,4192.02,1.00121
deaths_rep[192],437.323,3.41992,199.929,190.514,167.0,412.0,800.1,3284.56,3834.19,1.00131
deaths_rep[193],625.617,4.86417,305.676,280.953,228.95,570.5,1191.05,3942.69,3760.83,1.00128
deaths_rep[194],454.712,3.38942,208.662,195.703,172.0,422.0,849.0,3807.12,3751.64,1.00019
deaths_rep[195],1844.1,13.4842,843.034,803.569,696.0,1714.0,3446.25,4055.94,4010.29,1.00048
deaths_rep[196],1097.27,7.72268,508.867,475.173,417.95,1018.0,2025.1,4346.61,3752.96,0.999641
deaths_rep[197],1302.08,9.15636,592.908,567.094,514.0,1212.5,2438.0,4145.64,3937.28,0.999744
deaths_rep[198],952.717,7.94922,527.04,441.073,301.0,836.5,1967.05,4378.38,3857.27,1.00027
deaths_rep[199],2110.64,15.6312,969.122,932.555,821.95,1973.0,3877.4,4085.98,3725.18,1.00088
deaths_rep[200],1062.22,7.60715,483.929,465.536,403.0,1001.0,1937.2,4042.59,3965.89,0.99989
deaths_rep[201],1386.42,10.1637,655.612,586.368,525.0,1282.5,2639.05,4192.83,3813.76,1.00022
deaths_rep[202],911.85,6.86042,431.98,400.302,345.0,845.0,1713.0,4083.87,4001.44,0.999663
deaths_rep[203],727.811,5.59821,350.22,314.311,264.95,677.0,1361.05,3980.3,3719.79,1.00067
deaths_rep[204],422.913,3.24635,199.731,186.066,159.0,391.0,796.0,3924.96,3881.61,1.00146
deaths_rep[205],439.637,3.20751,206.308,195.703,160.0,407.0,828.0,4128.06,4087.58,1.00051
deaths_rep[206],733.279,5.56181,351.254,326.172,273.0,674.0,1391.0,3944.81,3940.62,1.00041
deaths_rep[207],891.567,6.54378,408.594,386.217,342.95,823.5,1639.0,3952.26,3914.05,1.00012
deaths_rep[208],1254.1,9.3576,581.727,544.114,465.0,1181.0,2346.0,3854.78,3897.05,1.00011
deaths_rep[209],6239.09,45.1188,2919.89,2698.33,2395.9,5728.0,11778.5,4270.23,3970.94,1.0005
deaths_rep[210],447.655,3.45938,209.857,200.151,166.0,418.0,839.0,3760.27,3650.27,1.00125
deaths_rep[211],1085.64,8.0251,517.294,471.467,417.0,1002.0,2055.1,4152.41,3895.12,0.999859
deaths_rep[212],642.709,4.71356,296.603,283.177,240.0,608.0,1177.15,3960.33,3701.54,1.00067
deaths_rep[213],499.584,3.78542,231.761,216.46,187.0,462.0,942.0,3839.04,3820.75,0.999628
deaths_rep[214],352.457,2.7198,171.831,157.156,125.0,323.0,678.1,3987.87,3870.83,1.00016
deaths_rep[215],466.472,3.38453,216.129,205.34,172.95,439.5,860.05,4055.74,3733.2,1.00024
deaths_rep[216],285.55,2.56178,161.227,134.917,90.0,255.0,592.05,4136.57,3841.7,1.00007
deaths_rep[217],937.74,7.00301,447.445,409.939,348.0,861.0,1781.15,4045.36,3988.38,1.00012
deaths_rep[218],907.016,6.87823,432.02,401.043,342.95,841.5,1736.2,4032.73,3727.39,1.00015
deaths_rep[219],668.803,4.98962,314.44,289.107,250.0,622.0,1254.0,3974.13,3773.79,1.0014
deaths_rep[220],355.949,2.59364,167.981,158.638,130.0,334.0,671.0,4180.96,3870.86,0.999517
deaths_rep[221],1467.47,11.1751,703.211,642.707,536.95,1361.5,2815.1,3928.98,3736.37,1.00027
deaths_rep[222],1696.17,12.3052,783.507,742.041,665.0,1579.0,3138.1,4065.3,3772.06,1.00106
deaths_rep[223],1411.26,10.274,653.237,632.329,538.9,1303.5,2631.25,4017.63,3758.05,0.999995
deaths_rep[224],760.029,5.68743,357.246,330.62,288.0,704.0,1437.05,3939.44,3884.7,1.00012
deaths_rep[225],1079.31,8.42638,519.302,478.88,404.95,990.0,2042.05,3857.24,3890.98,0.999844
deaths_rep[226],358.075,2.7314,168.318,158.638,133.0,330.0,676.0,3829.09,3939.54,0.999755
deaths_rep[227],497.068,3.73463,238.248,220.907,184.9,457.0,933.0,4117.41,3937.94,0.999938
deaths_rep[228],666.297,5.0043,308.005,284.659,258.95,616.0,1261.05,3829.24,3890.26,1.0
deaths_rep[229],880.475,6.40565,402.125,374.356,340.0,821.5,1616.05,3902.99,3845.89,1.00069
deaths_rep[230],739.622,5.62295,361.364,326.172,266.95,680.0,1425.05,4012.08,3763.2,0.999502
deaths_rep[231],1985.33,14.6433,925.447,862.132,783.0,1839.5,3707.3,4008.79,3865.9,0.999923
deaths_rep[232],654.45,5.04379,302.365,276.505,249.0,606.0,1228.3,3596.02,3719.06,1.00103
deaths_rep[233],235.355,1.78847,111.11,102.299,85.0,217.0,442.05,4051.35,3689.93,0.999717
deaths_rep[234],2070.04,15.0094,962.01,882.888,795.95,1908.0,3916.0,4110.07,3412.04,1.00019
deaths_rep[235],472.603,3.5459,222.157,210.529,171.0,439.0,871.1,3964.63,3784.48,1.00037
deaths_rep[236],1069.03,8.35353,512.021,481.845,388.95,983.5,2021.15,3776.92,4053.35,0.999733
deaths_rep[237],981.334,7.47504,459.926,426.248,372.0,908.5,1822.1,3925.42,3635.55,1.00071
deaths_rep[238],1253.64,9.34031,583.035,546.338,487.95,1160.5,2340.0,3918.2,3681.09,1.00015
deaths_rep[239],1155.7,8.31135,530.781,479.621,432.0,1076.5,2162.1,4108.42,3973.46,1.00091
deaths_rep[240],737.566,5.22608,339.884,314.311,291.9,680.0,1368.05,4207.06,3973.01,0.999427
deaths_rep[241],340.369,2.47106,158.347,151.225,130.0,317.0,637.0,4105.84,3971.75,1.00102
deaths_rep[242],466.098,3.63763,215.884,201.634,175.95,431.0,865.05,3430.96,3903.39,1.00084
deaths_rep[243],401.959,2.98914,188.317,171.982,154.0,372.0,756.0,3980.03,4070.47,1.00015
deaths_rep[244],791.393,6.04119,379.566,354.341,296.0,730.0,1505.05,3944.97,3879.18,0.999811
deaths_rep[245],616.673,4.74265,300.384,283.177,220.0,570.0,1170.0,4015.57,3904.41,1.00002
deaths_rep[246],998.398,8.00566,479.213,443.297,372.95,919.5,1904.05,3814.53,3614.11,0.999799
deaths_rep[247],429.363,3.14429,201.76,184.584,157.0,399.5,812.0,4209.15,3628.15,1.0001
deaths_rep[248],741.816,5.46088,346.088,321.724,285.95,693.0,1380.05,4006.47,3643.48,1.00061
deaths_rep[249],445.202,3.36218,208.826,192.738,167.95,411.0,820.05,3831.75,4146.79,0.999677
deaths_rep[250],1015.84,7.72106,472.278,441.815,383.9,945.0,1879.35,3874.22,3701.35,0.999803
deaths_rep[251],2392.38,18.0482,1122.36,1034.11,892.95,2237.5,4484.05,3893.3,3762.91,1.00017
deaths_rep[252],652.416,4.77059,305.974,289.107,242.95,609.0,1221.0,4038.62,3651.86,1.00003
deaths_rep[253],327.579,2.51897,153.102,140.847,121.0,302.0,616.05,3611.38,4149.26,0.999977
deaths_rep[254],4908.29,36.8336,2331.7,2177.2,1828.95,4547.0,9254.35,3964.71,3870.33,0.999883
deaths_rep[255],485.5,3.96354,245.388,225.355,169.0,441.0,938.1,4005.15,4069.64,1.00025
deaths_rep[256],1999.28,15.0058,941.184,896.973,744.0,1852.0,3773.1,3915.11,3752.59,0.999735
deaths_rep[257],759.009,5.53479,348.886,332.102,286.95,708.0,1393.05,3996.73,3852.23,1.00005
deaths_rep[258],3207.33,23.7722,1473.31,1346.2,1231.95,2956.0,5945.15,3903.23,3889.4,0.99973
deaths_rep[259],642.991,4.8371,304.421,283.177,243.0,594.0,1220.2,4072.37,3667.04,1.00012
deaths_rep[260],638.238,4.54958,288.631,269.833,254.0,590.0,1182.05,4158.64,3761.48,0.99979
deaths_rep[261],499.156,3.90996,233.999,217.942,185.95,462.0,939.0,3670.26,3604.18,1.0001
deaths_rep[262],7373.63,55.9914,3556.13,3306.94,2744.95,6739.0,13983.5,4098.12,3850.27,0.999617
deaths_rep[263],183.113,1.43514,88.6793,81.543,69.0,169.0,347.05,3840.98,3846.66,1.00023
deaths_rep[264],1695.22,13.0547,807.519,754.643,631.0,1569.0,3232.05,3817.37,3941.95,1.00033
deaths_rep[265],1380.37,10.1511,642.438,606.383,522.0,1285.0,2555.15,4044.45,3784.61,1.00168
deaths_rep[266],492.179,3.55372,231.098,220.907,185.95,454.0,914.05,4272.66,3738.87,0.999743
deaths_rep[267],278.445,2.07476,133.525,124.538,103.0,258.0,528.0,4119.26,3872.9,1.00017
deaths_rep[268],285.141,2.18961,135.544,123.056,108.0,261.0,537.0,3830.37,3943.33,1.00015
deaths_rep[269],224.922,1.72563,106.688,100.817,83.95,207.0,422.0,3843.87,3677.82,1.00114
deaths_rep[270],458.45,3.33757,213.968,197.186,173.0,422.0,863.0,4108.89,3981.8,1.00109
deaths_rep[271],408.377,2.94293,189.479,180.877,151.0,382.0,762.05,4083.37,4099.91,0.999804
deaths_rep[272],560.491,4.21212,261.939,237.216,212.95,512.0,1061.1,3909.97,3512.62,1.00006
deaths_rep[273],1645.76,11.9014,743.748,711.648,616.0,1546.5,3024.3,3894.55,3501.18,1.00099
deaths_rep[274],323.061,2.44517,150.233,143.812,122.0,298.0,611.0,3796.19,3691.34,0.999497
deaths_rep[275],1376.73,10.1584,644.719,588.592,526.0,1275.0,2621.0,4076.2,3779.8,0.99985
deaths_rep[276],678.446,4.91813,331.362,303.933,247.0,617.0,1308.1,4237.45,3977.8,1.00149
deaths_rep[277],1947.02,13.7266,881.058,847.306,726.0,1823.0,3525.15,4296.86,3775.92,1.00049
deaths_rep[278],1386.69,10.0558,648.116,596.005,535.0,1274.0,2557.0,4152.25,3362.94,1.00048
deaths_rep[279],1275.34,9.30094,596.26,561.905,486.95,1188.0,2351.05,4122.13,4101.37,0.999603
deaths_rep[280],490.593,3.40956,224.137,210.529,185.0,460.0,891.05,4246.07,3854.83,0.999467
deaths_rep[281],320.871,2.38094,152.865,141.588,117.0,296.0,606.0,4135.64,3817.77,0.999781
deaths_rep[282],584.804,4.36122,275.272,265.385,220.9,541.0,1113.05,4013.08,4053.8,1.00106
deaths_rep[283],984.667,7.07212,466.048,435.143,370.0,903.5,1866.45,4340.45,3891.43,1.00021
deaths_rep[284],2708.63,19.6925,1278.67,1181.63,986.85,2505.5,5093.25,4352.22,3868.23,1.00037
deaths_rep[285],413.632,3.04309,195.183,182.36,148.95,385.0,785.1,4126.03,3945.7,1.00279
deaths_rep[286],452.776,3.29201,209.015,197.927,169.0,416.0,842.05,4162.89,4125.87,1.00062
deaths_rep[287],650.909,4.88368,302.209,283.177,243.0,606.0,1225.0,3874.31,3893.45,0.999977
deaths_rep[288],458.88,3.37326,215.282,203.116,173.0,427.0,852.05,4095.18,4093.19,1.00089
deaths_rep[289],488.368,3.79354,235.896,210.529,183.0,448.0,947.05,3922.15,3876.2,1.00083
deaths_rep[290],1214.11,9.01526,576.72,527.064,456.0,1119.5,2292.0,4062.09,4049.76,0.999887
deaths_rep[291],716.828,5.46234,347.395,326.172,268.0,661.0,1370.0,4102.01,3929.41,1.00032
deaths_rep[292],1818.3,13.432,814.506,759.832,703.0,1690.5,3356.25,3706.41,3927.36,0.999686
deaths_rep[293],388.1,2.98477,182.112,171.982,148.0,359.0,738.0,3777.43,3666.41,0.999848
deaths_rep[294],488.069,3.77714,232.205,218.683,184.95,453.0,919.05,3813.41,3718.46,1.00093
deaths_rep[295],431.717,3.18646,201.404,182.36,166.95,400.0,801.1,4077.02,3898.53,0.999622
deaths_rep[296],512.964,4.14676,243.977,222.39,193.0,473.0,972.0,3815.46,3933.85,1.00026
deaths_rep[297],467.016,3.41038,217.223,203.116,179.0,432.0,874.05,4048.4,4056.87,1.00016
deaths_rep[298],1441.48,11.0865,671.618,606.383,548.0,1336.0,2722.2,3626.02,3886.46,0.999483
deaths_rep[299],408.371,3.69607,235.109,195.703,130.95,360.0,852.0,4085.89,3923.5,0.999797
deaths_rep[300],2300.86,17.4139,1095.19,1015.58,842.75,2118.5,4342.15,3988.33,3890.65,1.00051
deaths_rep[301],1373.62,10.2551,641.745,585.627,544.0,1264.0,2587.1,3880.23,3754.75,0.999907
deaths_rep[302],716.163,5.45035,349.557,324.689,259.0,659.0,1380.15,4080.68,3617.63,1.00074
deaths_rep[303],560.292,4.11448,261.428,244.629,215.95,516.0,1043.1,3997.96,3962.85,1.00066
deaths_rep[304],432.79,3.2853,208.568,191.255,155.0,403.0,816.05,4083.04,3852.47,0.999981
deaths_rep[305],359.422,2.7456,171.182,157.897,137.0,329.0,671.0,4138.86,4069.21,0.999841
deaths_rep[306],1328.64,10.1681,628.258,573.766,493.95,1232.0,2489.4,3895.05,3694.1,0.999991
deaths_rep[307],1411.42,10.8884,658.258,613.055,534.0,1303.5,2620.3,3744.93,3776.9,1.00108
deaths_rep[308],211.951,1.60698,104.458,96.369,75.0,196.0,410.0,4278.42,4094.09,1.00006
deaths_rep[309],1908.78,13.4625,874.947,833.221,721.9,1783.0,3546.15,4302.11,3649.69,0.999923
deaths_rep[310],808.347,6.22767,394.873,363.237,295.95,746.0,1534.0,4002.38,3795.45,1.00008
deaths_rep[311],521.786,4.15763,250.119,234.251,186.0,482.0,981.05,3727.02,3872.75,0.999969
deaths_rep[312],607.755,4.76921,289.269,260.938,225.95,563.0,1142.1,3559.73,3580.19,0.999483
deaths_rep[313],187.042,1.38828,86.7015,80.0604,68.0,174.0,349.05,3951.99,3890.96,0.999716
deaths_rep[314],3444.55,24.9601,1610.99,1516.7,1293.8,3216.5,6376.25,4221.4,3930.55,1.00047
deaths_rep[315],421.568,3.60575,220.076,195.703,144.0,383.0,831.0,3825.04,3887.01,1.00011
deaths_rep[316],241.385,1.74554,112.481,102.299,92.0,222.0,448.0,4050.0,3516.23,0.99993
deaths_rep[317],392.076,2.94821,183.784,170.499,143.0,368.0,740.0,3903.91,3862.23,1.00084
deaths_rep[318],1683.2,12.1464,773.156,708.683,647.95,1571.0,3126.15,4050.3,3776.68,0.999856
deaths_rep[319],1214.98,8.8224,569.969,528.547,460.9,1120.0,2300.1,4150.35,4193.97,1.00084
deaths_rep[320],443.646,3.31772,205.803,191.255,165.0,410.0,823.0,3859.74,3781.2,1.00034
deaths_rep[321],636.535,4.77329,293.463,269.833,243.0,594.0,1182.15,3851.17,3854.93,0.999737
deaths_rep[322],501.048,3.68452,233.251,216.46,188.0,465.0,942.05,4030.75,3928.16,1.00018
deaths_rep[323],3465.68,25.4867,1605.03,1508.55,1356.0,3218.0,6463.2,3924.97,3878.4,1.00044
deaths_rep[324],844.629,6.19689,397.132,363.978,335.0,778.5,1588.0,4136.46,3897.68,0.999902
deaths_rep[325],417.607,3.137,196.048,183.842,161.0,387.0,786.05,3961.56,3727.99,1.00052
deaths_rep[326],630.007,4.71913,301.009,267.609,242.0,576.0,1219.05,4142.25,4014.61,1.00071
deaths_rep[327],536.836,4.15814,257.621,239.44,196.0,498.5,1011.0,3769.11,3857.58,1.00124
deaths_rep[328],683.234,4.96633,317.467,302.45,255.95,633.0,1272.05,4049.34,3875.76,0.999399
deaths_rep[329],458.688,3.29655,214.973,203.116,174.0,423.0,855.05,4232.85,4102.68,0.999813
deaths_rep[330],5843.44,43.3475,2669.54,2527.09,2248.95,5451.5,10795.0,3800.38,3987.68,1.00123
deaths_rep[331],273.982,2.20157,134.196,121.573,99.0,251.0,523.0,3838.64,3812.71,1.00019
deaths_rep[332],2125.44,14.7324,967.929,918.471,828.95,1986.5,3927.05,4352.18,4034.47,1.00064
deaths_rep[333],1950.03,14.8903,921.224,870.286,719.95,1811.0,3647.7,3987.85,3801.73,1.00059
deaths_rep[334],835.89,6.29755,390.325,362.496,312.0,777.5,1570.1,3866.97,4001.87,1.00026
deaths_rep[335],1174.08,9.21293,560.868,515.945,437.0,1082.0,2229.0,3815.8,3564.34,1.00078
deaths_rep[336],2247.99,16.7656,1032.79,974.068,884.0,2077.0,4166.2,3792.53,3811.37,1.00071
deaths_rep[337],803.33,6.09271,387.481,357.307,290.0,741.0,1530.1,4016.3,4050.09,0.999727
deaths_rep[338],229.452,1.68047,108.451,100.817,85.0,212.0,438.0,4242.41,3832.71,0.999901
deaths_rep[339],722.702,5.44457,342.313,312.087,269.0,661.5,1350.0,4055.44,3714.27,0.999688
deaths_rep[340],342.483,2.50964,157.016,143.812,132.0,315.0,632.0,3884.95,3936.36,0.999977
deaths_rep[341],549.976,4.11943,252.307,240.181,212.0,516.0,1016.05,3792.23,3067.83,1.00127
deaths_rep[342],470.857,3.41903,217.149,206.081,183.0,435.0,874.05,4042.31,3980.69,0.999494
deaths_rep[343],383.08,2.84625,177.696,169.016,143.0,357.0,712.05,3961.98,4058.46,0.999542
deaths_rep[344],675.139,5.09677,306.087,289.107,254.95,630.0,1253.05,3746.12,3701.81,0.999936
deaths_rep[345],670.35,4.9097,307.691,285.4,255.95,624.0,1237.0,3907.83,3847.14,1.00006
deaths_rep[346],448.379,3.25355,209.728,194.962,170.0,412.5,835.05,4131.41,3821.46,1.00018
deaths_rep[347],288.027,2.10691,131.956,123.056,109.0,268.0,532.05,4036.05,4111.79,1.00093
deaths_rep[348],254.531,1.99761,126.134,117.125,90.0,234.0,493.05,3936.33,3428.05,0.999669
deaths_rep[349],1646.62,12.0669,768.612,724.25,618.95,1529.5,3099.0,4106.93,3685.7,1.00069
deaths_rep[350],1199.39,9.17549,585.852,531.512,440.0,1106.0,2308.0,4060.6,4018.47,1.00032
deaths_rep[351],899.391,6.50956,413.385,381.769,347.95,826.0,1682.0,4044.1,4101.09,0.999879
deaths_rep[352],610.254,4.70765,285.96,259.455,239.0,564.0,1144.0,3720.96,3634.05,0.999421
deaths_rep[353],529.135,4.09133,250.922,240.181,194.95,490.0,994.0,3783.66,3503.9,0.999777
deaths_rep[354],686.327,5.04976,318.089,292.072,261.95,640.0,1268.0,4050.07,3736.96,1.00005
deaths_rep[355],390.135,2.93067,182.263,169.016,147.95,362.0,736.0,3786.51,3791.97,1.00017
deaths_rep[356],2791.91,19.6729,1264.91,1207.58,1067.0,2602.5,5156.0,4112.16,3713.7,0.999875
deaths_rep[357],329.209,2.56338,151.546,143.812,123.0,307.0,609.05,3604.47,3840.91,1.00027
deaths_rep[358],337.25,2.56862,157.206,143.812,123.0,314.0,638.0,3763.97,3968.56,1.00063
deaths_rep[359],262.023,1.90373,123.266,117.125,96.0,244.0,484.0,4173.97,3982.18,0.999782
deaths_rep[360],425.516,3.10923,196.787,177.171,162.0,394.0,789.0,4081.6,3940.65,1.00046
deaths_rep[361],332.987,2.41042,154.421,140.847,127.95,306.0,624.05,4101.94,4001.05,0.999557
deaths_rep[362],874.1,6.57511,403.608,372.133,337.0,812.0,1623.05,3805.88,3724.63,0.999856
deaths_rep[363],383.941,2.88526,178.207,166.051,147.95,356.0,722.0,3878.72,3936.05,0.999769
deaths_rep[364],378.792,2.71916,174.514,163.086,142.95,352.0,712.1,4206.75,3813.26,1.00165
deaths_rep[365],451.255,3.26555,212.205,197.186,174.0,418.0,833.1,4137.03,3743.96,0.999998
deaths_rep[366],598.041,4.35799,277.44,259.455,219.0,561.0,1122.15,4024.7,3855.81,0.999659
deaths_rep[367],458.926,3.36852,212.447,200.151,174.0,426.0,857.0,3960.27,3914.49,0.999872
deaths_rep[368],261.12,1.88613,118.929,112.678,100.0,244.0,485.0,4011.28,4061.0,0.999609
deaths_rep[369],311.851,2.28165,146.553,139.364,115.0,291.0,582.05,4141.96,3891.18,1.00039
deaths_rep[370],298.228,2.24399,140.285,129.727,113.0,279.5,559.0,3870.05,3477.81,1.00019
deaths_rep[371],472.1,3.42935,219.594,204.599,175.95,442.0,888.0,4111.71,3746.57,0.999893
deaths_rep[372],428.76,3.58175,205.243,192.738,159.0,397.0,824.05,3625.04,3693.08,1.00048
deaths_rep[373],412.432,3.29858,198.988,174.947,156.95,377.0,799.05,3665.66,3883.35,1.00049
deaths_rep[374],288.37,2.07923,134.469,124.538,110.0,266.0,532.05,4114.5,3829.05,1.00041
deaths_rep[375],386.754,2.89577,180.013,169.016,144.0,359.0,721.05,3847.43,3865.16,1.00079
deaths_rep[376],219.407,1.53671,99.854,96.369,84.0,205.0,401.0,4175.17,3770.65,0.99958
deaths_rep[377],529.282,3.97436,253.74,237.216,198.0,489.0,988.1,4099.07,3713.39,0.999655
deaths_rep[378],246.325,1.86969,113.924,108.23,90.0,231.0,457.0,3709.85,3792.04,1.00098
deaths_rep[379],264.416,2.0567,123.577,114.16,99.95,246.0,490.05,3744.71,3919.11,0.999592
deaths_rep[380],258.279,1.99593,126.362,112.678,95.0,237.0,492.0,4104.55,3904.19,1.00099
deaths_rep[381],438.546,3.30963,199.467,185.325,172.0,411.0,809.05,3640.91,3787.3,0.999827
deaths_rep[382],287.433,2.11567,131.539,124.538,109.0,268.0,533.0,3891.98,3874.66,1.00044
deaths_rep[383],464.571,3.36028,216.142,203.116,173.0,434.0,874.1,4137.98,3869.04,1.00061
deaths_rep[384],618.019,4.60982,284.475,271.316,231.95,577.0,1159.15,4029.63,3762.9,1.00074
deaths_rep[385],849.868,6.25627,391.953,361.013,333.95,785.0,1592.0,3913.54,3960.21,1.0
deaths_rep[386],234.754,1.76876,108.916,103.782,90.0,217.0,438.0,3768.43,3976.11,0.999826
deaths_rep[387],1066.41,7.87678,503.925,482.586,402.0,981.5,2023.05,4077.54,4013.13,1.00027
deaths_rep[388],266.283,2.00632,125.155,114.16,102.0,247.0,490.05,3877.9,4126.06,1.00001
deaths_rep[389],756.943,5.44542,345.306,325.431,290.0,707.5,1391.1,4167.12,3652.17,1.0
deaths_rep[390],364.148,2.62199,165.957,157.156,137.95,340.0,678.05,4005.27,3611.76,0.999975
deaths_rep[391],624.813,4.57608,285.912,272.057,241.0,578.5,1154.0,3971.16,3930.17,1.00033
deaths_rep[392],784.556,5.65032,355.606,335.809,295.95,732.5,1450.15,3981.22,3644.57,1.00042
deaths_rep[393],416.714,3.08144,197.482,186.808,155.0,387.0,787.0,4137.65,3821.14,0.999951
deaths_rep[394],451.802,3.33123,208.199,192.738,171.0,418.0,841.0,4016.88,3714.93,1.00004
deaths_rep[395],388.022,2.94585,179.397,170.499,149.0,362.0,715.05,4094.06,3958.38,0.999913
deaths_rep[396],254.085,1.93859,118.723,112.678,96.0,237.0,477.05,3863.88,4033.26,1.00157
deaths_rep[397],219.734,1.61033,105.641,99.3342,79.0,204.0,415.0,4284.34,3695.43,0.999824
deaths_rep[398],186.954,1.41632,88.9899,83.0256,68.0,173.0,357.05,4038.05,3795.42,1.00037
deaths_rep[399],194.267,1.4769,92.3178,85.9908,73.0,181.0,366.0,4086.77,3895.9,1.00069
deaths_rep[400],365.337,2.58951,167.682,161.603,140.0,339.0,671.05,4195.58,3974.54,0.99968
deaths_rep[401],186.844,1.5061,90.7689,84.5082,68.0,172.0,355.0,3728.78,3609.42,1.00057
deaths_rep[402],232.002,1.76399,109.177,102.299,85.0,213.0,443.05,3676.56,3641.3,1.00069
deaths_rep[403],154.463,1.15849,71.9598,69.6822,57.0,145.0,288.0,3882.51,3846.81,0.999775
deaths_rep[404],268.944,2.06502,128.842,118.608,99.95,247.0,509.0,3896.89,3913.24,0.999916
deaths_rep[405],258.845,1.90249,118.409,112.678,102.0,241.0,480.0,3926.1,3651.0,1.00003
deaths_rep[406],230.433,1.75692,107.235,97.8516,86.0,213.0,433.0,3749.3,3984.07,1.00012
deaths_rep[407],446.892,3.21488,208.252,195.703,172.95,412.0,847.05,4216.58,3811.71,0.999835
deaths_rep[408],1779.48,12.6648,802.833,747.23,690.9,1662.0,3290.25,4094.84,3875.86,0.999726
deaths_rep[409],358.543,2.67855,166.171,157.156,133.0,337.0,658.05,3753.12,4055.57,0.999806
deaths_rep[410],146.999,1.1834,74.9936,65.2344,52.95,133.0,289.0,4051.52,3942.02,1.00043
deaths_rep[411],480.687,3.82565,232.904,213.494,174.95,438.0,921.05,3797.42,3775.7,1.00036
deaths_rep[412],229.07,1.69116,105.429,97.8516,87.0,213.0,425.0,3883.83,3981.98,1.00051
deaths_rep[413],1326.31,9.07491,596.183,572.284,526.95,1241.0,2463.05,4279.71,4010.07,1.00051
deaths_rep[414],110.459,0.851941,53.1875,48.9258,41.0,101.0,210.0,3846.68,3480.38,1.0009
deaths_rep[415],369.084,2.73788,178.259,161.603,138.0,338.0,710.1,4066.48,3905.57,1.00028
deaths_rep[416],214.165,1.64183,102.08,93.4038,79.0,196.0,407.05,3871.95,3838.11,0.999847
deaths_rep[417],344.906,2.51689,160.313,152.708,129.0,323.0,647.0,3997.54,3657.19,1.00098
deaths_rep[418],943.286,7.47724,441.726,409.198,366.0,863.0,1768.1,3674.7,3618.32,1.00081
deaths_rep[419],951.339,7.07022,441.015,409.198,360.0,876.5,1777.05,3925.46,3892.87,1.0006
deaths_rep[420],888.708,6.6544,411.522,385.476,342.0,828.0,1646.05,3816.01,3933.02,1.00001
deaths_rep[421],1018.32,7.63744,462.5,441.815,393.9,954.0,1876.1,3552.72,3570.43,1.00127
deaths_rep[422],667.326,4.80409,305.513,280.211,263.95,620.5,1240.2,3995.36,3607.84,0.99963
deaths_rep[423],369.585,2.87335,172.088,154.932,143.0,343.0,689.0,3737.66,3603.11,1.00067
deaths_rep[424],480.196,3.50014,223.667,211.27,177.95,446.5,899.0,4239.23,3816.91,1.00061
deaths_rep[425],451.44,3.51365,209.164,191.997,173.0,417.0,840.0,3570.55,3306.81,1.00032
deaths_rep[426],502.311,3.70095,232.816,214.977,190.95,466.0,928.0,3981.15,4013.51,1.00002
deaths_rep[427],391.421,2.90822,181.679,169.016,153.0,359.0,734.1,3910.75,4011.02,1.00029
deaths_rep[428],658.971,4.85466,308.582,290.59,252.0,612.0,1239.0,3990.71,3964.32,0.999788
deaths_rep[429],296.763,2.20139,139.068,128.986,112.0,275.0,559.0,4043.47,3851.24,1.00065
deaths_rep[430],308.589,2.32586,144.95,137.882,116.0,285.0,571.0,3882.02,4107.3,0.999776
deaths_rep[431],326.389,2.45123,148.766,142.33,125.95,305.0,603.0,3721.75,3931.84,1.00018
deaths_rep[432],213.767,1.60785,101.581,94.8864,80.0,197.0,405.05,3967.22,3889.1,1.00065
deaths_rep[433],444.173,3.19654,207.513,198.668,163.95,414.0,817.0,4318.71,4058.64,1.00029
deaths_rep[434],267.608,2.03348,126.983,114.16,100.0,246.0,504.0,3807.5,3047.54,0.999801
deaths_rep[435],388.5,2.87969,180.472,166.051,150.95,362.0,723.0,3975.36,3860.28,0.999832
deaths_rep[436],1063.28,7.82935,488.429,449.228,406.85,994.0,1986.05,3902.4,4012.98,1.00021
deaths_rep[437],229.581,1.65914,106.695,97.8516,83.0,214.0,430.0,4154.39,3958.45,0.999561
deaths_rep[438],286.628,2.16223,133.976,126.021,107.0,268.0,539.0,3792.93,3973.24,1.00001
deaths_rep[439],378.733,2.77618,177.548,163.086,142.95,353.0,719.0,3981.04,3914.83,1.0008
deaths_rep[440],565.291,4.18554,268.376,252.042,211.0,521.0,1078.1,4038.69,4002.92,1.00023
deaths_rep[441],836.389,6.285,391.033,360.272,327.95,780.0,1567.0,3915.21,3755.25,1.00001
deaths_rep[442],838.784,6.50157,397.538,367.685,317.0,777.0,1583.1,3812.4,4179.22,1.00049
deaths_rep[443],723.654,5.32789,339.979,315.794,273.95,668.0,1363.1,4045.9,3939.35,1.00051
deaths_rep[444],682.885,5.09784,320.733,294.296,259.95,634.0,1291.0,3928.14,3975.46,1.00027
deaths_rep[445],876.812,6.63711,402.447,388.441,335.95,819.0,1629.0,3658.4,3610.71,0.999862
deaths_rep[446],407.792,3.0869,190.538,174.947,148.0,381.0,767.15,3820.17,3913.06,1.00139
deaths_rep[447],956.477,7.09016,444.681,401.785,370.0,888.0,1793.0,3881.22,4019.92,1.00024
deaths_rep[448],538.774,4.23339,249.634,234.251,206.0,502.0,999.0,3550.02,3880.51,1.00025
deaths_rep[449],326.036,2.37448,149.606,140.847,120.95,304.0,608.0,3881.99,3595.23,0.999745
deaths_rep[450],309.866,2.3208,144.53,136.399,118.0,289.0,577.0,3695.4,3218.47,1.00175
deaths_rep[451],1242.48,9.12332,577.077,523.358,463.95,1148.0,2331.15,4012.27,4085.68,0.999665
deaths_rep[452],579.8,4.31123,271.436,252.042,221.0,533.0,1080.05,3991.53,3962.51,0.999695
deaths_rep[453],558.184,3.98752,251.315,238.699,219.0,521.0,1024.15,3936.23,4028.51,1.00029
deaths_rep[454],306.118,2.23995,140.498,136.399,116.0,287.0,566.0,3997.37,3703.52,0.999666
deaths_rep[455],393.785,3.01137,182.823,173.464,150.0,366.0,731.05,3718.85,3928.56,1.00034
deaths_rep[456],710.339,5.37816,325.292,309.122,263.0,663.5,1332.0,3567.15,3766.47,0.999968
